2018062705454009aa206c_ad43_405c_904d_e59cd098d5eb,590645f5981f7e815d0d3231c3a76cfc,1530049540,1530049675,"ClusterInfo": ""
20180627113604da4d6c21_a41a_4e80_99b5_2a18695efa9f,1967eb64c62ee018a766038309cc1109,1530070565,1530070629,"ClusterInfo": ""
201806271043414e4b603f_e595_4684_8e04_6df338c0c2d9,6d76b61aced0d44e2f913b615f41e912,1530067422,1530082729,"ClusterInfo": ""
2018062709160805ffc48d_6613_419f_8713_1bc73c362917,dad80642a6b68e7eb751565f42bb783a,1530062168,1530062530,"ClusterInfo": "{"ps":{"count":8, "gpu":100},"worker":{"count":8,"gpu":100}}"
201806271533401fb05d95_3707_458d_9dcf_428ee1de1a85,e0bd83e4d799eb3c981df1e97d2d1551,1530084820,1530087891,"ClusterInfo": ""
201806271502392686eedf_eb52_4551_bfa1_69bc436d15fe,81304cc52b3ec19be5c277285a160baa,1530082959,1530083052,"ClusterInfo": ""
20180627153029e9e50cc3_67c4_4335_b47e_05011a72062e,7e586c326e805e591ddacc3f83696136,1530084629,1530084988,"ClusterInfo": ""
201806271436316de82387_d4c0_474c_8ff9_0e6031e39c3c,25f5e41cb4734ba7084dac50a70f93c1,1530081391,1530081482,"ClusterInfo": ""
201806270955501059e9a0_ad97_44b6_acad_265e83ae6d0f,e27b7019cfeff6f870f62ac92c149c35,1530064550,1530065025,"ClusterInfo": ""
20180627003213f5e2f54b_653c_4d7b_9439_67e901ba3ac5,e35ee507f20b3868f9ea65c954e642ab,1530030733,1530031586,"ClusterInfo": ""
20180627094448660efb61_a663_4fc9_9dd3_c2e345e259a4,b3ac724c1089eaff21783562324b989c,1530063888,1530064284,"ClusterInfo": ""
20180627093043ab04f5df_d066_4dbd_995a_8a7b898d7afd,3142710fbf11389ef93387ebca6737c4,1530063043,1530063382,"ClusterInfo": ""
2018062710033231118738_c070_46c0_8c00_eace633cc4f2,3fab7794d54bfb418a2b61e2d4fbda06,1530065012,1530068379,"ClusterInfo": ""
20180627011225cf795208_7ad3_449e_ba95_a928a22c2b0b,fb59439dc1031f11f52efd3da710ad53,1530033145,1530035723,"ClusterInfo": ""
20180627102652b58b2c3b_2290_4463_b027_bd845fc4d123,aec876ff87b88b82365a4dc3b4528a99,1530066413,1530067111,"ClusterInfo": ""
201806270019522d5ddbed_df87_4b97_95d5_4a99a98b49a5,5fd4b61c6847be2411ade6b46119667f,1530029992,1530032535,"ClusterInfo": ""
2018062713210145d0b8dd_08b4_4d62_ab87_2cbf96807689,31daa38a16fbeaf9d8ca11b93d5c28c4,1530076861,1530076913,"ClusterInfo": ""
201806271131064da1c6aa_b6c2_4218_bb3c_19c71b40717f,2b2ad86b8f9fa84d9bea47aff17c3c53,1530070267,1530070365,"ClusterInfo": ""
2018062704585108f5cb6c_cb22_400f_af88_6e8acd1d9322,c535ea6917b4d07151f762e946694ff3,1530046731,1530047328,"ClusterInfo": ""
20180627154524e0931297_243e_46f9_9fd8_d08a28ea6e9c,8626fb1d73895befb7a36fd7d57821c6,1530085524,1530085597,"ClusterInfo": ""
20180627111937e7b856ce_0433_4b31_ac90_893fe8af3a87,bfecd700a5cd071d7c6169f95a0726bc,1530069577,1530070556,"ClusterInfo": ""
20180627151917b0547034_9356_45bb_bdb0_66f3fa099fc9,4dafe8b92902f8067e5ad249b9aab27d,1530083958,1530103476,"ClusterInfo": "{"worker":{"count":8,"gpu":100,"cpu":400,"memory":30000},"ps":{"count":2,"cpu":1000,"memory":30000}}"
20180627141551d94dbed3_8e28_4af9_bdaa_67b40c4e01e0,7bc377baad3d6defe2d47eb202af535a,1530080152,1530106330,"ClusterInfo": "{"ps":{"count":1},"worker":{"count":8,"gpu":50}}"
20180627142554250aadb3_10a3_459f_b5ff_e2460e1da82e,cc70b7478f0fb6bd022be1e735a7cdff,1530080754,1530081482,"ClusterInfo": "{"worker":{"count":8}}"
20180627042620f4400b72_dd18_47f9_8459_0f3aae702a7c,4232e6672a6a8e9e97d0453248af339f,1530044780,1530046272,"ClusterInfo": ""
201806271123427916940e_0fd1_4f8e_b25e_57108dfb2eda,2f2acbb658f78e87d6e72df987c7dda7,1530069824,1530088741,"ClusterInfo": ""
20180627104606f0a4cfa7_7bd5_4af2_bfb3_4b184783bf2b,10e970a40d5f829f7cf5f69dcc21c543,1530067567,1530068537,"ClusterInfo": ""
201806271409361b0b2678_2591_4cc9_8aac_c15c257434fc,ea089c5fa93abcf2834d63c408a76964,1530079776,1530080165,"ClusterInfo": "{"ps":{"count":20, "cpu":600, "memory":5000},"worker":{"count":100, "cpu":500, "memory":5000}}"
2018062710222076766b15_912d_41fc_8e8e_773b17d6fdd8,b9c7aa498ba520c81ad2a9e939ff2cee,1530066140,1530098178,"ClusterInfo": ""
20180627134547299d3f1d_e921_4f60_a340_36dfeaa0847e,9a917192e97480c3f5a224866810bfe7,1530078348,1530084066,"ClusterInfo": ""
2018062711072967b608c8_cc53_493a_a0d5_8646e98de0cc,48e2b94db668dcfa0c03750e578507a2,1530068850,1530069496,"ClusterInfo": ""
20180627111234b555d751_332d_47fc_9a4f_30d740804c16,442242d706f375d704d0094dc9767b2e,1530069155,1530108077,"ClusterInfo": "{"ps":{"count":10,"cpu":2000},"worker":{"count":10,"cpu":600,"gpu":100,"memory":60000}}"
201806271150485d6358b4_b4f7_4e79_b339_d5be9fe33605,a14535f814e61074267d49657503db60,1530071450,1530076020,"ClusterInfo": "{"ps":{"count":10,"cpu":2000},"worker":{"count":10,"cpu":600,"gpu":100,"memory":60000}}"
20180627104252034b25a8_5038_4d3a_8685_fcc4e1121f8a,e62b2a49bcbe64183fae0ed2377f9a51,1530067373,1530067716,"ClusterInfo": ""
20180627100835917f8bba_6427_4d69_884b_5e5c4c82396f,0ffd207d2311c2da575933d1c152ce9c,1530065315,1530065789,"ClusterInfo": ""
20180627113111678486ef_e6a1_4bf2_aa10_5b05a43c5d80,956385623778b565f3953c481cba3985,1530070272,1530093746,"ClusterInfo": "{"ps":{"count":1},"worker":{"count":10}}"
20180627100820f22809db_c305_44c0_afb5_640e2d42d6bf,6037707ef58a304a5ff0af1dd05c048f,1530065301,1530066028,"ClusterInfo": ""
201806271430421cf57df7_97f1_4153_bed1_cbd405b291b6,2125030968aa13316a5ba9139b1d639e,1530081043,1530081235,"ClusterInfo": ""
20180627145005cd4e0a43_0200_4134_a635_b89456bfd151,bafd3d983757cb248b728a53c6082cf4,1530082205,1530082706,"ClusterInfo": ""
20180627103954673e645c_6c86_4acb_9ce6_97bc12c171b3,f6ca1576c3293e9c697e64387a1df557,1530067194,1530067700,"ClusterInfo": ""
20180627142254f68a7f21_708a_4f0c_8949_4eb615f33afa,f3b93fe0ee79a3e77d8dcdb79d2b9d80,1530080574,1530082178,"ClusterInfo": ""
201806271420541457f20b_6045_483a_b7b6_4dfba9ddda74,f482881caab5c176c366caee3927e72d,1530080454,1530081059,"ClusterInfo": ""
201806270915321ce2ef81_010f_4f3a_8b62_b544a382e3dd,bc7facba24d90ceababc2669257739ed,1530062133,1530062804,"ClusterInfo": ""
201806270536121379fded_2943_4f20_8273_c62e81de0387,aff2225fb5766182a60cf6653b19a16c,1530048972,1530049141,"ClusterInfo": ""
2018062706092749330d31_53c1_45ad_af1f_170c9900c930,cb2c374e7a903924c92b1986de0e9f84,1530050967,1530077171,"ClusterInfo": ""
2018062715423060c0b531_91e4_4e0f_9572_4fb2d5087291,65225adbcaea531377719d21e8a62567,1530085350,1530086569,"ClusterInfo": ""
20180627054715107cbe95_47f2_435e_8ee4_793c1171b3fa,334316a8fb15d644d083c51a6b2a7f37,1530049635,1530050402,"ClusterInfo": ""
20180627134521aea92340_c2a6_4c1c_955a_7c38e658e34e,e18a7fed3b4c084f9860e3a50587d34f,1530078322,1530078443,"ClusterInfo": ""
201806270749097e6414fe_71a5_4c5a_94be_fc2b2c364ef5,f53169307ebf7aaea450d877f91452d0,1530056949,1530064339,"ClusterInfo": ""
20180627104957f269b819_a6ba_490c_8269_2d1cdf0e3495,1e3a78eb13ddad96aaca595b3d8608b8,1530067797,1530068765,"ClusterInfo": ""
2018062713352794ea04d9_4aac_41ff_8675_eccc2bf256bd,bdcf990ac43b8a1a429ed894553a9d06,1530077727,1530078167,"ClusterInfo": ""
201806270026229cfbe639_6345_438f_9045_773e926795d1,de9527e19324df0ccfb6e7b3ab2597c7,1530030382,1530049761,"ClusterInfo": ""
20180627111041cf158c88_e642_4ea2_a290_4a1e15d0b5cb,53a4db7106c3ad6a8e9425189b23c587,1530069043,1530069077,"ClusterInfo": "{"worker":{"count":2}}"
2018062711541600ed4b74_55a6_47e2_bbc7_3b1f18bc0af6,f3b93fe0ee79a3e77d8dcdb79d2b9d80,1530071657,1530075591,"ClusterInfo": ""
201806271442575f867ea5_620d_469c_a6e9_b9ea67f338a6,25f5e41cb4734ba7084dac50a70f93c1,1530081777,1530081890,"ClusterInfo": ""
20180627150143edb7a2a0_69bc_4a2f_a504_07e8950380e8,bad41e4702c8aa0df3eb0ddb34f3bd39,1530082903,1530086948,"ClusterInfo": ""
20180627021642afe70756_0a5b_4ec3_a2cb_41f9e277df27,33a13223a049d6e9a9da444c0573b33d,1530037004,1530038136,"ClusterInfo": ""
201806271053567c384080_7ffb_4506_9b1b_16df13b619f4,02a266202c45a42b4940d9b3d5658973,1530068037,1530070464,"ClusterInfo": ""
20180627132355c61a1ca9_0d14_4816_8ff3_b61566983537,8a48e29d125bc71afc7b01a256a770ce,1530077035,1530077528,"ClusterInfo": ""
201806271031591e025304_2de6_4b9a_b104_309badbcfd8e,4f929dacecf37001c9dd19534ce3a19e,1530066719,1530067107,"ClusterInfo": ""
2018062715115256958f1a_a33d_4b82_a93b_9aa5ebaef667,63d377ab1ca689d5a71eb53353e513c3,1530083513,1530083818,"ClusterInfo": ""
20180627065448aa9c6c6a_679d_4402_ba3e_db4ca6ac4435,45233cf8862a3b1d14bdfbcf8c77ed5d,1530053688,1530054404,"ClusterInfo": ""
2018062708073050e37b86_008e_479d_8d38_8b4dc0b61091,620704daf7b050322472ed839e7666b9,1530058050,1530058646,"ClusterInfo": ""
201806270259407c668631_3a77_46e9_b715_778ef4feaf4f,799c75732ad571fc815f98558f093de3,1530039586,1530040439,"ClusterInfo": ""
20180627133835566cd9e4_0ac1_45e8_879a_83e5cb770d24,de5f72fde3f53adcc47c058d5f99d5b6,1530077915,1530078285,"ClusterInfo": ""
2018062713551234835085_d92d_46d0_b317_dcee9c6fe5ca,b7e534d119379a10b1e8e72532ea5afb,1530078912,1530079368,"ClusterInfo": ""
201806270943014bc7da86_bbcc_40a8_8fb6_1cfd372cd36f,ea7df58ad1d20ec0b5aecd8d408fbf3c,1530063781,1530063999,"ClusterInfo": ""
20180627040254975d4c1e_3eb1_4f72_9b7b_035e950c1da7,0897a25237e4006f848594a4ec4072b9,1530043375,1530044064,"ClusterInfo": ""
2018062713215984b19538_0500_4578_8326_6c5002168e88,31daa38a16fbeaf9d8ca11b93d5c28c4,1530076919,1530077389,"ClusterInfo": ""
20180627113933753dec50_212d_451b_a513_317de95295c2,95cb77af216c33ed9fd9f2aebf4f44ff,1530070774,1530070808,"ClusterInfo": "{"worker":{"count":2}}"
20180627040256cc387bfb_f769_478d_a474_98fece176b7c,f799fe8e4bbc509307eacf7b605900d4,1530043377,1530044624,"ClusterInfo": ""
201806270659473872f813_d18d_4cce_993d_d4cb36a2d5b6,35f5716171712aa4062d4c573dcda9ee,1530053987,1530054532,"ClusterInfo": ""
201806271420547d605797_859c_454e_bca7_db066965866f,0374dad281d137d420b4e0d7d41b4cb0,1530080454,1530081127,"ClusterInfo": ""
201806270758156119ebc2_6cae_4d31_95c1_b155e6393b4d,37ff109b5987ae825cd81822ddb98ff2,1530057496,1530058132,"ClusterInfo": ""
20180627102033782d1355_90cc_4ba6_abdc_28dda0403be5,4711e1e47174bcce9bb375cb4885c903,1530066034,1530066549,"ClusterInfo": ""
20180627104559a30569b9_f4f2_495a_8360_db75b2d294c7,6fbf6393d5ee0129d5a9d29be748a852,1530067560,1530068620,"ClusterInfo": ""
2018062704293512e57946_9531_4d60_8560_4c20c4b24ec1,7e29bbcd8b88b023a6904f930128d623,1530044975,1530051007,"ClusterInfo": ""
20180627133401f368c40f_9a12_4410_a53c_8a845e120c7e,2623a33597f34fbff34e312827d06dd0,1530077641,1530078034,"ClusterInfo": ""
20180627112228ac73b0de_1ecd_4099_b4ac_ea06f47b945d,089cf4c0faded3d275a6fe0d63fc7b03,1530069749,1530071513,"ClusterInfo": ""
201806271039326f33089d_3591_4cdc_b1c6_b553c00b1266,2e09157939aa4e3013c6b627594228b0,1530067172,1530088793,"ClusterInfo": "{"ps":{"count":14, "gpu":100},"worker":{"count":2,"gpu":100}}"
2018062711164807881394_5739_4b07_bb09_0b82d6579c6a,b706753f18d3985f9a1bafb46ba85363,1530069408,1530109740,"ClusterInfo": ""
201806271350462ebd165b_a491_411b_911c_dba4eaffe38d,41a8c7632f764999905f8a6a96fe34d0,1530078646,1530078743,"ClusterInfo": ""
201806270808559b35adcd_273f_4d56_9683_9177bc900172,d5c034c4b16679d3f47d9eec10c4b803,1530058135,1530065210,"ClusterInfo": "{"ps":{"count":20,"cpu":1000,"memory":15000},"worker":{"count":40,"cpu":2200,"memory":20000}}"
20180627133710afaccbe9_b3fe_49b6_aedb_54d2273ee783,69ac7dee130c6026864bc521d05d6c22,1530077830,1530093761,"ClusterInfo": "{"ps":{"count":1},"worker":{"count":10}}"
201806271329503ed7a7b3_7b23_4c66_ab91_699b712025e8,e6f344ee93fd267e06a63aa17be27cf4,1530077390,1530077480,"ClusterInfo": ""
20180627064533b01045d3_bef7_474f_a6ef_a0751383c8c2,c57996b7bf853efaa79ca1d35d7652cf,1530053133,1530053377,"ClusterInfo": ""
20180627144435c5330ba8_c63f_4487_b832_350509884a39,25f5e41cb4734ba7084dac50a70f93c1,1530081875,1530081947,"ClusterInfo": ""
20180627144141d80d11bb_d61d_47f3_a6a0_957c8ac4dc68,573549d4ef3b44ebae2a73e64f67276e,1530081701,1530095278,"ClusterInfo": "{"worker":{"count":8}}"
2018062714082962be770c_2152_47e5_b6ce_2185e831b62e,507c5c6bf8798aa486272f391a80c038,1530079709,1530080237,"ClusterInfo": ""
20180627131812f7edf3c9_32ee_4307_8edf_92bf3e03d7b5,31daa38a16fbeaf9d8ca11b93d5c28c4,1530076693,1530076849,"ClusterInfo": ""
201806270112203da38c1e_55ab_4cc1_ade3_9ee0cd6f9fe1,4f36d4d6eb87db525b89a59b2840502c,1530033141,1530035836,"ClusterInfo": ""
20180627103547d7738e6b_45f1_47b7_b480_a2f5d26fdcd5,b1841b63e4fc5764128a085e8eaa6a51,1530066948,1530069610,"ClusterInfo": "{"ps":{"count":40, "cpu":600, "memory":5000},"worker":{"count":100, "cpu":500, "memory":5000}}"
20180627142558de5f80e3_50f3_44b5_abb8_aa18b3eaf04e,7a8e7a196ff60de9a33795a4b62fa6fd,1530080758,1530087420,"ClusterInfo": ""
20180627093917c4329be6_52bb_499b_83f3_1b1fed388d95,b1dcb6facde7ef61e31ec8229e8ba258,1530063558,1530070128,"ClusterInfo": "{"ps":{"count":1},"worker":{"count":10}}"
2018062711543608a9c605_bc73_462e_87a8_7ce396166b90,50b4e9bd8a9c2fefcf8611f4ed048c1f,1530071677,1530071718,"ClusterInfo": "{"worker":{"count":2}}"
2018062710023668bfe7c2_db15_4e5f_9982_03e1028c7ad2,65bcd7603980d23ffabda23702f85904,1530064956,1530065296,"ClusterInfo": ""
2018062714155319730052_3d53_489c_8f4c_27d09b96e04f,b9c327d7e71bbb25fa64d3a1a4ca4fab,1530080154,1530087431,"ClusterInfo": ""
201806271458070e353965_6703_48aa_92d2_1a855d531cb3,ad82a0807df2c99cecb5e15c57db4dcb,1530082688,1530087465,"ClusterInfo": ""
201806270659440e51040d_feb4_408c_9f4c_6a25aaf87e67,6dfe0f511870212c00402ea8838143c6,1530053984,1530054508,"ClusterInfo": ""
20180627055456db0e4b82_a7a2_4f1e_a636_10c1ad28d0ea,27b6e0ae9597efb56899eb1c97820819,1530050096,1530050694,"ClusterInfo": ""
2018062707474505bc4352_ffe3_40d3_be7a_958c52b41c52,71ae1278503a180e7179b321a1b09b4a,1530056865,1530057673,"ClusterInfo": ""
201806270907188cf51370_f4d5_4802_a3c0_c157123d62ed,63d377ab1ca689d5a71eb53353e513c3,1530061638,1530062067,"ClusterInfo": ""
201806270942138cd783bb_6d65_4635_8578_e8adf7929044,01f601fdf16626808a6ae6437da72d55,1530063734,1530064319,"ClusterInfo": ""
201806270833341207782f_2dab_4e1f_a4ae_5eb32362b817,212e5959cb9eea7cbf71ec3c413f209e,1530059615,1530070387,"ClusterInfo": ""
201806271359334580e945_d623_47ed_8ce3_e3edb975b621,3f56545d2136f09911deff2d6ca92c62,1530079174,1530079819,"ClusterInfo": ""
201806271538309efa7558_a286_410f_ba7b_ad0e8df0cc8d,5998cd4a315bb4a5b96964e6b8590957,1530085110,1530087405,"ClusterInfo": "{"ps":{"count":16,"cpu":1000,"memory":15000},"worker":{"count":32,"cpu":2000,"memory":20000}}"
20180627102039f7a87e31_f795_42e4_85ff_a1a67259677d,c412d652837615fe4e70b5b05f701168,1530066039,1530066231,"ClusterInfo": ""
201806270922312c47df8b_86fd_44e5_8ef0_4bccb8d99d8e,f289b09dca77c7128fadf233078866b4,1530062551,1530077186,"ClusterInfo": "{"ps":{"count":8, "gpu":100},"worker":{"count":8,"gpu":100}}"
201806270032137c1413f4_45d8_46eb_8202_190c645b271d,8f3a324f9f78e1982f6494359f2e23a4,1530030733,1530031226,"ClusterInfo": ""
20180627115231442d3f17_be15_43c7_bd8c_0cf3a21adbe2,9fa224c4ac986e85c0ba26fc3309d216,1530071553,1530075875,"ClusterInfo": ""
2018062714492289a55369_083e_4628_9e85_afc4e684fa13,aace2bf97224c2cca95c7f3d02112a85,1530082162,1530082510,"ClusterInfo": ""
20180627025932197dfeb7_4624_49f1_88a3_aff6b56c3e5a,1e25ce1cb927042074dbc0e86a496782,1530039576,1530040392,"ClusterInfo": ""
2018062714104043d7c887_28f5_4a93_9b8c_212965c164b2,507c5c6bf8798aa486272f391a80c038,1530079840,1530080216,"ClusterInfo": ""
20180627055457e82a5e2d_cc2a_459e_b4ec_9496a819b137,2af86ed01c5e421d355929679507ff3a,1530050097,1530050852,"ClusterInfo": ""
201806271326269fe660cb_d4a3_4199_b0dc_edd75479c4e8,178ae01ced3d0bff08b955f246fda3af,1530077187,1530077485,"ClusterInfo": ""
201806271449403ccec969_8861_4b48_ba32_b508665cadb8,6f11a8831bdcaea114acf1fe687e65af,1530082181,1530082272,"ClusterInfo": ""
201806270127275a3bf94f_e988_4b6f_b284_8bf8d639316a,1ed4e49dd88d3a7fe6d67c1fe57f2bed,1530034048,1530034573,"ClusterInfo": ""
20180627142008d4d1b463_ddc4_488b_b66e_e04935c51c03,41a8c7632f764999905f8a6a96fe34d0,1530080408,1530081385,"ClusterInfo": ""
2018062705423933eb9ef8_0de6_4794_a623_b8f6c876f68d,590645f5981f7e815d0d3231c3a76cfc,1530049359,1530049498,"ClusterInfo": ""
201806271545497c4ca72b_cd37_4048_9187_8a638ec6a966,0a0ad6cd513a721c0707cbe526f9f576,1530085549,1530087264,"ClusterInfo": ""
20180627054822b8c650f2_7b69_4f09_b1f1_be853c31615e,b4a064007916ff2ccc4787e0fceb4795,1530049702,1530069380,"ClusterInfo": ""
201806270554599fcf48d8_40a6_483a_bd88_ab7cff90dc59,305092f4a9b3bac791031ee7d5f3620f,1530050099,1530050675,"ClusterInfo": ""
20180627002837fc673fd6_41e7_48e9_b972_0d7cadf17f6c,41c1c50ff3544a505601f4ae03bf8245,1530030517,1530031085,"ClusterInfo": ""
20180627143103e4b6f495_d928_44f5_85c7_70cb5541012a,aace2bf97224c2cca95c7f3d02112a85,1530081063,1530081465,"ClusterInfo": ""
201806271109370a4bf839_8e1b_414f_9bf9_003ce6a9d396,fc35618361e64ad77a1ef83c22cdf3a2,1530068978,1530069499,"ClusterInfo": ""
2018062709503988d16d20_50cf_4059_9637_b7a98ff9b17c,51278dbcb2fe4143c34f9b1e3e55f9e7,1530064239,1530064344,"ClusterInfo": ""
201806271557480eeaf63a_01e0_44c9_a30e_bdff3ffa88b6,7df87e7d723c9e876455aaf3633cf75d,1530086268,1530087119,"ClusterInfo": ""
20180627102216048adc19_e355_41df_8604_c1d266361be7,c12302553aa1e088e05a75a3223c077a,1530066136,1530081280,"ClusterInfo": ""
2018062714205033153d96_e1ee_4509_9cf8_adb0eddf41cf,295e3b776254de069a7964c89a0b3ed2,1530080450,1530081230,"ClusterInfo": ""
201806270307181994b3f5_4f3b_4bde_9698_710b546be3fe,52843dabfa40f199a4f0331d9ebf76d5,1530040043,1530040750,"ClusterInfo": ""
201806271111144c46c646_dc26_4148_81ec_61bf66f14188,e12aff0bf4f519aa18067dde8ffdca3b,1530069075,1530070398,"ClusterInfo": "{"ps":{"count":20,"cpu":1000,"memory":15000},"worker":{"count":40,"cpu":2000,"memory":20000}}"
20180627000637f0ad204d_dd81_48eb_809f_351fe664d96d,6fa9da00ed876e2d4d4644e9a1946cc8,1530029197,1530040621,"ClusterInfo": ""
201806270158225e31a772_36c7_4313_b0e5_4cbe77305880,57873d92b5989143d9b88b90f4206819,1530035902,1530063906,"ClusterInfo": ""
20180627111940047b6ad2_723d_428b_8750_a304c27d808d,857a8709664c7e7ec81b251d113ad51b,1530069581,1530070181,"ClusterInfo": ""
20180627065951f0257ffb_ac6a_4b2f_8b5f_a08d414b5c10,b2fc9fd7045338089654cb8a0b634d4a,1530053991,1530054647,"ClusterInfo": ""
20180627092359a83d970c_2c3c_4a23_91ac_fc48bf74e45a,3f20c4e6acf7c51cae9e549679432fba,1530062640,1530067144,"ClusterInfo": "{"ps":{"count":14, "gpu":100},"worker":{"count":2,"gpu":100}}"
20180627102221f295dc07_0ed3_4e53_b4ae_5d5cb5fc9c65,2c74fa553809e808c74d7da225de5b77,1530066141,1530078899,"ClusterInfo": ""
201806271416165a6cb3fe_097c_4df7_8abd_6b3ef3e1f505,fb24d73513c70668e32ad92ef5947f7e,1530080176,1530080434,"ClusterInfo": ""
20180627001239e32fe32f_8637_4dcb_91f1_e9e8a59861ac,c330d3fe84f32e6c60b25c626b4e76fc,1530029559,1530029782,"ClusterInfo": ""
201806270220336c0251c1_3133_422b_979c_b30ea63a5dd4,bb35119c6a08e679c98c24332e88d5ae,1530037236,1530037870,"ClusterInfo": ""
20180627012725cb8b5d5f_8981_4046_a9ca_65e28de6f100,c279a651e202d8f4fc27db370b4fe790,1530034046,1530034538,"ClusterInfo": ""
201806271411255c547ae7_f25a_4366_b2b0_0e434d2a18e2,d527c3e0c197e1da7f46a00684acbd62,1530079885,1530080229,"ClusterInfo": ""
20180627095411345da7f8_069c_48f0_abac_916ae9ba0788,8efad1aabb15077fbae3ad14191d1196,1530064451,1530064947,"ClusterInfo": ""
2018062700062747ee7765_aa4d_4401_a82f_b163e6c55dfb,3402af0449ba37b95bf153cdd10ab7ff,1530029187,1530041048,"ClusterInfo": ""
2018062705545858285ac6_760e_4ca0_a379_0621528f24ae,8ed4df064bc466b83d2245909ea7010b,1530050098,1530050901,"ClusterInfo": ""
201806271104520d284fde_f7d5_461d_a6d8_d3503c171c31,9f6018589fe314a286ab6cc0fd363f1b,1530068692,1530068724,"ClusterInfo": "{"worker":{"count":2}}"
20180627155647ca1eded6_f7f0_48c4_b510_e043cee26769,8343dfa12af7ba110a4391f4ae58857b,1530086207,1530086545,"ClusterInfo": ""
20180627141331f4aaf3a3_528c_4c14_a559_7a030ed530e4,11f4ac70057957261f5c6542dfa3c0ab,1530080011,1530080218,"ClusterInfo": ""
2018062710381102f9bfa0_8436_4550_9d6a_cdaba809c86f,85c8d994061ef351b48bcaacdaf4333e,1530067091,1530067607,"ClusterInfo": ""
20180627085142d54501a4_973b_49df_b3b3_d1ad5ae38688,96d61f8d1ebcdaa4874f9ae2ca1b244f,1530060702,1530061299,"ClusterInfo": ""
201806271119361beea241_0493_400e_b546_79bc71e95dda,7439c0dd30815e91ec8f9552df6c3d92,1530069577,1530070254,"ClusterInfo": ""
20180627022609047942b5_a953_4d6c_9483_3496e63364f5,80222eb9fcee4f18cf51a8c7fd21f9b9,1530037570,1530038216,"ClusterInfo": ""
2018062709153138890209_873b_4ac5_88d2_d29b2220c5ab,fdb1541aac93788c49a8491b09e441d8,1530062132,1530062797,"ClusterInfo": ""
20180627102857c0d4c996_d37b_4a34_a4a0_c76b850ceff1,41f9299e6389fe48650592c5253df11e,1530066538,1530067070,"ClusterInfo": ""
20180627065511a91578dc_7328_4128_97f6_86c9da1f9ece,be346f579a0e23ad08006e69f5e43a78,1530053711,1530054487,"ClusterInfo": ""
201806270448411156fe56_b033_40bc_9511_f0b550881e34,2000455c3cdd79a301d93e2cbfbfc9e8,1530046122,1530046865,"ClusterInfo": ""
201806271022272c4eb40f_a76d_4a58_adb2_a6f3ba7374ca,4047f6302417700b1646da57a3e8fb06,1530066147,1530066542,"ClusterInfo": ""
2018062713110877503208_d7fc_47cb_8112_bc287a8e1ecc,f7eb6a54210e3e9034938ac7e2d40754,1530076268,1530076357,"ClusterInfo": ""
2018062711513448d877b3_8dc9_4188_a70c_31a9eed1f94a,ac9be86b5bdbac6d21e330f76cb87f15,1530071496,1530075873,"ClusterInfo": ""
20180627065551627f1cf2_6441_4ebd_9954_a55b7a66bc20,2aee770f13dc7e004566c397ca56f593,1530053752,1530071938,"ClusterInfo": ""
20180627061451fa298219_1950_4fd7_a702_ac03e86d9054,7d1e28185163916b8506f0e2c6b27f3b,1530051291,1530056988,"ClusterInfo": ""
2018062710265576b4f52c_78ca_4695_8013_f3a941a087c1,47d2b3b8876e7fb645ff711ab6a17ffe,1530066416,1530067402,"ClusterInfo": ""
2018062707582085d66b2b_5cbb_4c3c_93a5_dec0c1034bcd,f8586decfcd9eded8ae5bced56fff636,1530057500,1530058165,"ClusterInfo": ""
2018062715464954f304f4_2b90_4792_acb9_5571c1b5e770,9aed1b8bb16d8ba4720069b9f514a544,1530085609,1530085936,"ClusterInfo": ""
201806271038243a2dd7dc_70ec_4512_ad6c_c96f4b6035a3,bdccf171bcaa8c24c028cd17ce0658c8,1530067104,1530077973,"ClusterInfo": ""
20180627074115d074b42b_1ecb_43e4_9b0c_df25fcfa500d,44689e09183f2e8742cfa47ef0addc01,1530056475,1530056799,"ClusterInfo": ""
20180627113859604c171f_2207_4fa1_aa56_80b6712a2c38,cee4ea8347ee3025106509fc6df3e81b,1530070739,1530081255,"ClusterInfo": "{"ps":{"count":1},"worker":{"count":8,"gpu":50}}"
201806271420558e8ce2bd_ec66_4fcb_a256_af5838194ef8,7934667141f8d11dc8720844fb3d9284,1530080455,1530081208,"ClusterInfo": ""
20180627144159dccb7464_6a90_4b43_a7b4_8ed69e966a03,25f5e41cb4734ba7084dac50a70f93c1,1530081719,1530081827,"ClusterInfo": ""
201806270859138182cc93_d13c_428c_9049_d86e2463fc03,353e3f2bfb904c5566f30f93311b1d64,1530061154,1530066700,"ClusterInfo": ""
20180627002850996d4d05_a200_4cd3_97d2_48968e82f42b,c59ca92d0dfd9d2eb8d2c44ede9e8ee2,1530030530,1530044567,"ClusterInfo": ""
2018062713575365440134_b7c0_4089_bf03_9ab8d3234092,bdcf990ac43b8a1a429ed894553a9d06,1530079073,1530079537,"ClusterInfo": ""
20180627013515cdff116e_5af6_4a44_818e_f454250448f9,88bed2669b3cca87a32a8768172eef16,1530034518,1530035135,"ClusterInfo": ""
20180627013518aaa9c27a_d1c8_435a_bfb1_1994f6b28bbd,1be45eac4a81ad038e244f829a571cac,1530034520,1530035155,"ClusterInfo": ""
20180627054719dc89decc_5075_415c_93c2_c979cc0e5fcf,e24fb5bc42d99163f0e65984d9acc415,1530049639,1530050147,"ClusterInfo": ""
201806271554528e760427_07b1_48b5_8482_7eedaa097507,cd9754f776dbe226f1370fc7b3379b9b,1530086092,1530087852,"ClusterInfo": ""
201806270007124fcb88c8_9101_4d6e_91e5_d58225a95380,0eececb0afed95fe5b7bdb06ce4ad73f,1530029232,1530041083,"ClusterInfo": ""
20180627142255ff8c8729_4e8a_4489_a698_69c634b0c77c,52e7f107e5664c18d562c6be356697b3,1530080575,1530082173,"ClusterInfo": ""
20180627035747f6bb6350_2214_49e0_bd7b_6fedac9131dc,2bd35fa489f3e2f66c90d9c0330591d5,1530043067,1530043871,"ClusterInfo": ""
201806270007384cd3a875_5c38_41dc_8f1e_c9d55c82e411,46a273db72f2d1662bd74ac9ed38b5d1,1530029258,1530048309,"ClusterInfo": ""
2018062706170160f4cb41_2dee_4467_b715_52e2c78c32c3,3e145303160d0f91d860048819979d97,1530051421,1530055467,"ClusterInfo": ""
20180627030716365854c7_da3f_4262_9bf9_a735bb0289c7,0b80c97aa2f6d34e79a73d919f2d4df9,1530040037,1530040811,"ClusterInfo": ""
201806271338122e43250f_6d8d_4ce3_83c5_789c1da09b16,2aee770f13dc7e004566c397ca56f593,1530077892,1530095200,"ClusterInfo": ""
201806271422332f68b7bb_3836_4225_8ad7_bf230e53c858,0341f2f258c33d2d91eff09467c8dda6,1530080553,1530081218,"ClusterInfo": ""
20180627094103e946daaf_f65a_4789_95f8_5f288e89ac0a,3288677ced075d8f719939648379f054,1530063663,1530098734,"ClusterInfo": ""
201806271021367aca4124_629e_4d2f_9872_591aebb59a70,6fbf6393d5ee0129d5a9d29be748a852,1530066097,1530067399,"ClusterInfo": ""
2018062710322743ef801e_e27a_45f6_8b3c_95cf9866ab9b,9f7afe9dc68a8db37d81dfdf55c9cee0,1530066747,1530077994,"ClusterInfo": ""
201806271044459ba9d3c3_425f_4d0e_9abd_3f6801b4084a,b88a8d2b55bdd94fed67476d39d5b287,1530067485,1530068355,"ClusterInfo": ""
201806270033285f63699b_a7a5_4f74_aec5_15cef7641ef5,0628c3f16729b92272c5e6f066e87a53,1530030808,1530099988,"ClusterInfo": ""
201806270220310cb3efc8_c861_4de4_9f21_98fddeccc27b,933eb44d4e6239974b3d9f8400805117,1530037233,1530038008,"ClusterInfo": ""
20180627062243f3b7ae1e_b2d3_440e_b36b_997e813f8e87,23da074667325948ba874669875b85da,1530051763,1530058407,"ClusterInfo": ""
20180627070851841bf4c7_ce96_4306_81d5_91fa9e7aece4,95330683e26ec3a137995eb4918c1ecd,1530054531,1530075728,"ClusterInfo": ""
201806271026548b0fbe1c_9d59_44a7_86c3_dba5df9c505f,afb643ce5475fccc56c1e72a572a7de4,1530066414,1530067221,"ClusterInfo": ""
201806270307155c174537_cd43_47b6_8433_a2882c63e402,438af33a99bc0f1f5df9ad3588c5b298,1530040035,1530040806,"ClusterInfo": ""
20180627045850dbbaa76a_0271_4e37_8ef3_bf568251134e,82b99f1f9e38f89959031a97651272e7,1530046730,1530047686,"ClusterInfo": ""
20180627141024af24300f_95db_4a72_8718_7bbe4344d7c1,f7eb6a54210e3e9034938ac7e2d40754,1530079824,1530080064,"ClusterInfo": ""
201806270610404ce0e82d_0248_4a30_988b_1ecc60dc4cc2,af6406771ba493145ec214f792985259,1530051040,1530057098,"ClusterInfo": ""
201806270801464ab69591_0133_4ce5_9432_003b32e8c349,e49ce3c06a9081064f880d4f731b9618,1530057707,1530067047,"ClusterInfo": ""
20180627132025bd338d01_0b9c_4bca_a182_b3f21864f3f4,4eeec3588f477d38cacebd8c81d4903b,1530076825,1530076884,"ClusterInfo": "{"worker":{"count":2}}"
201806270956452621dc07_b2de_4253_9f65_85f5dc3e05d1,3cf5559202af3d41bae93c07b3f4d355,1530064606,1530067066,"ClusterInfo": ""
20180627065947fc61625e_0956_45d1_ad13_59185fb23d8f,c013232c24a5a47c1bfe3902ad75b9c4,1530053987,1530054822,"ClusterInfo": ""
20180627100817a8c993c0_ee03_43d2_b4f5_a3e0e9cf3d4c,2ee38bc52c3ac13000b6f050afe530af,1530065297,1530065965,"ClusterInfo": ""
201806271154235dbeebec_fa9e_493e_88e0_b88d35e779bd,52e7f107e5664c18d562c6be356697b3,1530071664,1530078201,"ClusterInfo": ""
20180627135937c948771b_7a0d_4469_a02b_3fcb82430d6b,82e6917058c08a3dd2ad8f2f8774f0f9,1530079178,1530080036,"ClusterInfo": ""
201806271119359c6643ba_a693_4a23_bffc_9f710402dc91,feb5cd4df24cf64e7ab23de3f6b4b472,1530069576,1530070483,"ClusterInfo": ""
20180627141157771014e5_7902_4b4d_8368_018dd6d986cf,f0e91f20231956c36d4d55ae787fe3a7,1530079917,1530079966,"ClusterInfo": ""
201806271454348f9235d8_798c_4670_90e4_56d865584b40,6f11a8831bdcaea114acf1fe687e65af,1530082474,1530082514,"ClusterInfo": ""
201806271543568627fc4a_9992_42d9_a793_6e171fe3173a,2bfb77d2cfa3cd965a17617264d67822,1530085436,1530085513,"ClusterInfo": ""
201806270032143db73474_8d69_43fc_bca3_ec60c497f8a2,2aaab720b5c291ec28821294224a37d7,1530030734,1530031449,"ClusterInfo": ""
201806270458518be08e5f_b023_48ed_996e_bd47dc355a18,fc8932974752100ccfe4d21751b97a41,1530046731,1530047720,"ClusterInfo": ""
20180627115937e8a210c3_2349_4e92_a428_fd7e3979ad1d,b48bba0be967fb2645dd6c8edd268fa9,1530071979,1530075851,"ClusterInfo": ""
2018062707501749a5b748_33c9_485f_8fba_39b78929b111,99cf9dc6731be1184d312f9cf60b4841,1530057017,1530080022,"ClusterInfo": ""
20180627001949319c803c_c878_40a9_b57d_e2ab2be3f8d9,a7aa4bec51f140f35acdb132d62cf2cb,1530029989,1530032821,"ClusterInfo": ""
20180627111424c05d82a3_7ddc_4f95_b7d0_15426c0232c4,bdcf990ac43b8a1a429ed894553a9d06,1530069265,1530069672,"ClusterInfo": ""
20180627144650cd86557c_a061_45cb_808f_bbd2e6880fef,d860963689886e51741608066b8ebe93,1530082011,1530082090,"ClusterInfo": ""
20180627040253d80999a5_1bf1_488e_abab_1e0530263d0a,2efb815e6c9ca4ae618509ad0e0cec86,1530043374,1530044223,"ClusterInfo": ""
20180627135629da3059df_44f5_44e9_8813_bb05e4350efc,41a8c7632f764999905f8a6a96fe34d0,1530078989,1530080396,"ClusterInfo": ""
2018062710265368c2b4fd_2cc1_49b8_beea_acb3aaa2f58b,d5c41e82f0b4f3a8ec81d00b90a5613d,1530066413,1530067162,"ClusterInfo": ""
201806271353121ccbc3fa_5105_4de1_bae3_08be5f662599,d8258b647faa7303fab4eaf42311a62e,1530078792,1530078899,"ClusterInfo": ""
20180627134136398ce389_8a9a_4bdf_ae39_ad3e99b1e339,358e12c6684d840a42238f870f07f534,1530078097,1530078319,"ClusterInfo": ""
20180627105632fe1ce19a_08c8_424c_80f5_5d7c4dedcf30,7920a45f7d613f932d3dfd8770c26cdd,1530068193,1530068475,"ClusterInfo": ""
201806271557560e9bbec3_8120_401c_b4b8_d644392a866b,7724490f05703403dfc793d0a3ba61a3,1530086276,1530086956,"ClusterInfo": ""
20180627093816b63f5450_6c0a_4473_b408_1485e36091c6,44b12f2f9e933c464a9dca18cba42a9e,1530063496,1530063648,"ClusterInfo": ""
2018062715014838a72efe_53ac_4d1f_94ab_8d38847c8a0e,2976109be421c0d206bdfaa64d913ded,1530082908,1530086946,"ClusterInfo": ""
2018062715393045e374fb_66f7_49f7_8910_1a8ac123009e,5d725eeb4267dd420e7ef934bb82dfe0,1530085170,1530086609,"ClusterInfo": ""
201806270710379a9a9a58_b522_4821_bfdc_1b03d8bde631,db293f2d8cdf7cb00e0b77411e5426f7,1530054637,1530111325,"ClusterInfo": ""
2018062710411179449eda_b2c6_4432_a2ab_43cc73f4654e,b0222e22186092970902e98a79029885,1530067271,1530067701,"ClusterInfo": ""
201806270410159db6fa80_b2c5_4278_86a8_458f828fd6ec,f2f58df9b0a28d93ec2204387b82e16f,1530043816,1530104960,"ClusterInfo": ""
20180627094137a33d8d32_3bc1_4ac3_9f37_5f18c7ea1648,285770f785f6f4a76b394e1a4f97049c,1530063697,1530070055,"ClusterInfo": ""
20180627091531de406cd8_be9f_4616_992d_41b81270da54,3ba6a02bf7c3d52829734a0d992cb709,1530062132,1530062703,"ClusterInfo": ""
201806271437521b47c7bd_7b30_4a40_9bfa_e9c98e7887e0,4e86db51cfd01240e94b54566c2f490f,1530081473,1530082062,"ClusterInfo": ""
201806271109390f9bd8c3_5c82_4629_898f_c4a79e852eeb,1fbb46259d59ef7573d891bc2586ceef,1530068979,1530069658,"ClusterInfo": ""
2018062704025635fd5104_50bf_4527_bfcb_125599ce48cd,f3e164cf5eafe0a86743e644c2bf9960,1530043377,1530043992,"ClusterInfo": ""
201806270356229d4cc343_f4b3_491e_9b96_e976e10e2bc2,98ccd8ef8f1d644d8188249d8591e738,1530042982,1530043091,"ClusterInfo": ""
201806271417377ec77b8b_93f7_432c_8a75_72537d56ee88,c93407da2b404a705c5ec59b6b20ebd2,1530080257,1530081943,"ClusterInfo": "{"ps":{"count":16,"cpu":1000,"memory":15000},"worker":{"count":16,"cpu":2200,"memory":20000}}"
20180627091531489d3d4d_5af0_4b35_a7d5_b60bb139f0e2,58e0e93430bc93949f9545c5d5a3dbcf,1530062132,1530062692,"ClusterInfo": ""
201806270957219cafafb2_5729_43e1_a0af_05e75d37fbf1,69b981477670537b795263b070d18dc6,1530064641,1530065207,"ClusterInfo": ""
20180627013520851c5d6b_d1da_412c_be93_0696f37739dd,ac440bff2a370f18b6414e6d028a43c3,1530034521,1530035070,"ClusterInfo": ""
20180627141142eac798a9_e2d2_4aeb_a65e_38c72532bef6,410dfd164a74eaf84e8f55c8df90ab53,1530079903,1530079939,"ClusterInfo": ""
20180627080724e921588d_a836_4e4a_a89f_9e7990bd5933,28b35104aebd6ae33b35274e4b18e732,1530058044,1530058572,"ClusterInfo": ""
201806270402530886757f_3def_41d0_943b_d8b63e3d4042,ffe74201b948cd61e8563d249ee6c8c9,1530043374,1530044028,"ClusterInfo": ""
201806271026556751d75a_b27f_4e34_a1cb_d27d68ae5055,39ee23f907455bf7cd699abe18736566,1530066416,1530067071,"ClusterInfo": ""
20180627084634a13e18cb_2ba9_49b3_8a23_3342f061e6b9,bce1931a6ada13166487562e8a811850,1530060394,1530060845,"ClusterInfo": ""
20180627003213a9145caa_5545_43bd_8679_b1a6930b2ce5,d31b2b1cd4c4b903ca556a7bc0b045fb,1530030734,1530031297,"ClusterInfo": ""
20180627111302feb01be4_ec79_4176_b455_c5b971ba82a6,dbfe710097e1a9365c8bbb9bc3f2f5f2,1530069183,1530070769,"ClusterInfo": ""
2018062705550113e00c5d_7c30_4ec3_a131_0d4525ec0da3,943f59eb7ae66b4e609cd91fb7e3f740,1530050101,1530050860,"ClusterInfo": ""
20180627115723add92689_4752_487c_a347_0c3ee5a39b0c,f263263e752afc0956593509d4970d2b,1530071845,1530078526,"ClusterInfo": "{"worker":{"count":8}}"
20180627095604d28c10ad_ab55_4368_80e0_895288381988,e62b2a49bcbe64183fae0ed2377f9a51,1530064564,1530065158,"ClusterInfo": ""
20180627110048a0e55025_3513_4890_9614_51abcd28ff2d,f7eb6a54210e3e9034938ac7e2d40754,1530068449,1530069864,"ClusterInfo": ""
20180627115233ad7e2140_b97c_4d81_b582_9af3a5c00b18,b5e99f324d8823cea390ad9d1835e1e2,1530071554,1530075762,"ClusterInfo": ""
2018062713320872e2c712_6ac3_4fbc_99ec_e9c2ae504351,35c27875b3d82eaa9d02995cb7f22db2,1530077528,1530077692,"ClusterInfo": ""
2018062705393986c538e6_2770_4e23_bfc9_742852a9fd1c,590645f5981f7e815d0d3231c3a76cfc,1530049179,1530049318,"ClusterInfo": ""
20180627080728a52b2ae2_633a_42b1_b9d1_4c456afe01ef,d72f9daa5d3ddb269def9684c51678f6,1530058048,1530058698,"ClusterInfo": ""
2018062711220428cad222_d8ea_4de2_9f91_562c3f3e52f4,a5079b0a42317a7231def15257f0ed00,1530069725,1530070261,"ClusterInfo": "{"ps":{"count":20, "cpu":600, "memory":5000},"worker":{"count":100, "cpu":500, "memory":5000}}"
20180627022612dd2cd5df_891a_41c0_9875_f09db1febd89,3d5817cd30c3479c9f8176f83598ae99,1530037573,1530038136,"ClusterInfo": ""
201806270307166e45960d_b5d0_48c3_909d_1cc5de457172,ff05e005915ea8078935b7bde3187f2b,1530040038,1530040671,"ClusterInfo": ""
20180627114305331bac7f_e67c_46e6_888b_35c955ec910e,7fa088436d8e740b2f91dc56ac43534a,1530070987,1530071523,"ClusterInfo": ""
201806271436553b45fb09_35f9_4e65_bfaa_6ce3a2c18a36,fc75263ce3cc32c89efbd43243906a92,1530081415,1530085394,"ClusterInfo": ""
20180627135541279f62cc_09b8_46ff_8ce3_c82fdabcd4fb,230f5b3e7365c49fea4a1ab1c251a818,1530078942,1530079144,"ClusterInfo": "{"ps":{"count":20, "cpu":600, "memory":5000},"worker":{"count":100, "cpu":500, "memory":5000}}"
201806271013309172181a_3613_4f71_a70d_67747a8ce3f2,7f3ef342a4f9751e48b44840cad280bf,1530065611,1530066145,"ClusterInfo": ""
20180627094743154d675d_ffbf_4e10_b0ef_cabfb17c371d,c412d652837615fe4e70b5b05f701168,1530064063,1530064098,"ClusterInfo": ""
201806271011248bf97a7b_ce08_4257_9eb4_67a2e82294b5,7832c43397e2170809a01f3509bee6d6,1530065484,1530067474,"ClusterInfo": "{"ps":{"count":20,"cpu":1000,"memory":15000},"worker":{"count":40,"cpu":2000,"memory":20000}}"
201806270807279c043a5a_15d2_4d01_9ea7_df2ec25fdd16,d8cbc71dd3c5dd9b99e16468359e002f,1530058047,1530058756,"ClusterInfo": ""
201806270519467917a515_c84f_4e48_9621_82849ad4bf3f,699c9d4c3e0a480065fbe22a85e990b8,1530047986,1530058099,"ClusterInfo": "{"ps":{"count":20,"cpu":1000,"memory":15000},"worker":{"count":40,"cpu":2200,"memory":20000}}"
20180627142054c598e0b8_b586_4727_abdf_706a92b18b0e,73e86c9123828b65aaab3a749041d90c,1530080454,1530081148,"ClusterInfo": ""
20180627134737a89289f4_a21b_4170_b46b_02a38a73333a,614c23d295a3bb1af0c7c520f333a5a5,1530078459,1530078639,"ClusterInfo": ""
2018062702261339825b37_8364_44b6_881e_ddca5dc4523b,590aa0f997f01ea0a7f151fbed182967,1530037574,1530038508,"ClusterInfo": ""
2018062713472556a49350_f709_4f6c_9e91_acaaa68ae06e,bdccf171bcaa8c24c028cd17ce0658c8,1530078445,1530079062,"ClusterInfo": ""
201806271450319d744083_15c3_4cb2_a956_2a713904cbb8,7ff5c985d87ea750019fd88add5d0111,1530082231,1530082710,"ClusterInfo": ""
201806270851392feca22e_d637_4c3a_b3bd_aba6f36e9b3a,9fd9e1615994040fca22559c627f8665,1530060699,1530061325,"ClusterInfo": ""
20180627080747339efe6c_16f9_482c_9949_79dafd58c59e,e3b0388f2ad8e66a29d027e6f8d9770d,1530058067,1530082750,"ClusterInfo": ""
201806271347441b72607f_50d7_43c0_bf29_e07d44e33dfa,41a8c7632f764999905f8a6a96fe34d0,1530078464,1530078554,"ClusterInfo": ""
20180627113500728af6c0_e404_4b8d_83b6_51d110302080,bdcf990ac43b8a1a429ed894553a9d06,1530070502,1530070981,"ClusterInfo": ""
201806271409492bd6babd_0c5b_47a9_b380_fb2df7ec9a82,bdccf171bcaa8c24c028cd17ce0658c8,1530079789,1530087370,"ClusterInfo": ""
2018062715535053781a8b_1359_43bf_b0c3_cf908a19793e,990634715817e3927be47dea946b13b0,1530086030,1530087895,"ClusterInfo": ""
201806270035087bdceaa9_904f_40bf_8532_987bd443131a,8e07d81e7bf1ec321f65781b9a23836c,1530030908,1530063468,"ClusterInfo": ""
20180627080612d7c14d57_bbe0_44df_bf9d_413667121e6b,3b6e0ce902e0fd17a4867904eb81ae1a,1530057972,1530085456,"ClusterInfo": ""
20180627155849229a0fc1_3a9f_472a_8202_dab3f683bf60,32f50ff09ed24de176de96b520099b20,1530086329,1530086848,"ClusterInfo": ""
20180627114758c5599e48_69d3_4153_b932_3ccffc0d3667,6e9f245488a397d29fcb3c1b3ca90e98,1530071279,1530071321,"ClusterInfo": "{"worker":{"count":2}}"
2018062709592264ba1dc6_5c21_410a_a70b_18622f0c6085,aaaec22d80d80673de79a5e1a5ae098c,1530064763,1530065886,"ClusterInfo": ""
20180627141226da0d4b3e_a436_4bbe_8329_445f9c0b67c4,0bfaa9d866ecd4734fd93b9b23251c24,1530079946,1530080866,"ClusterInfo": ""
20180627065857c15cb8da_3029_41cd_99ef_0c40ac54cc97,96dd3c5b9b30809584c5a52507a114a9,1530053937,1530089561,"ClusterInfo": ""
201806270908480dba527a_0d4d_4ff1_9cfb_20b6c5c5fafe,bce1931a6ada13166487562e8a811850,1530061728,1530064750,"ClusterInfo": ""
20180627002240f2feebe3_8e00_492d_b72a_7f8d7aeb4632,86bf5ea32a6b5789366e01ef56b0e761,1530030161,1530048827,"ClusterInfo": ""
20180627143846bcbae259_0223_4f81_8446_04dbd59c70ec,b58b667ca3e8038f76ff000ccc9fa09d,1530081526,1530081591,"ClusterInfo": ""
20180627135525b7d616bc_161d_4209_87de_00883f9919f2,4cc612939e6b7aec2e54ee2afbc686cc,1530078925,1530080522,"ClusterInfo": "{"worker":{"count":8}}"
20180627095212162028c2_5721_411e_9205_8e527f28c88c,8cdbdb5138c578aba413a50fb3b6b9ea,1530064332,1530105462,"ClusterInfo": ""
2018062711531524818c08_1d0d_4595_b149_414f8794a871,f2cd1bb079c4b2def50b4344def4951d,1530071596,1530071637,"ClusterInfo": "{"worker":{"count":2}}"
201806270626362cb72d7b_1662_4324_82ff_36eabd66ce99,0238672daf12a53db88dd065d553cbf6,1530051996,1530058155,"ClusterInfo": ""
20180627013517f29a34dc_aea1_4559_b088_3efa5341b464,9d84be3201e4c67c13c4b7cc311004e6,1530034520,1530035337,"ClusterInfo": ""
201806271144347cc7676b_e957_4197_8940_839724c76cb3,4469011878791c5497753ce38a66a673,1530071075,1530071123,"ClusterInfo": "{"worker":{"count":2}}"
20180627082748309c7689_b252_4e4a_9eac_c88d76303c4a,0eececb0afed95fe5b7bdb06ce4ad73f,1530059268,1530081847,"ClusterInfo": ""
20180627110335a03cf936_4f7c_4a00_ad0e_2c5107e3f896,aace2bf97224c2cca95c7f3d02112a85,1530068615,1530069021,"ClusterInfo": ""
20180627115925f980cdbe_f607_4622_a1b2_537f79953656,810add12770dee89434af4d861202eaf,1530071966,1530075578,"ClusterInfo": "{"worker":{"count":2}}"
2018062709493588e0c5b1_7ee5_4bb6_a90f_7e1f3a35565b,9a917192e97480c3f5a224866810bfe7,1530064175,1530078328,"ClusterInfo": ""
2018062715545212b194d8_f219_4cb9_9b7a_e5ae077fa821,879e936028c14c0b9e090648431f1848,1530086093,1530086359,"ClusterInfo": ""
20180627074727981637ce_56b2_486a_ae9f_93fe89a3dd8a,b61b8ec42ff01c7a77f2a5d50be784c0,1530056848,1530116919,"ClusterInfo": "{"ps":{"count":32},"worker":{"count":15}}"
2018062714325765aa08e8_2d38_43b3_85ea_02eb9e2c7978,28768b58e659221183a92b1370dd50b5,1530081177,1530088378,"ClusterInfo": ""
20180627020021ade882f7_3b32_4e37_8310_88988e77533b,2411bb70e058b827ddf76010fa229eed,1530036021,1530056792,"ClusterInfo": "{"ps":{"count":32},"worker":{"count":25}}"
201806271440450aeb2042_bc07_4569_9a75_a83cb84ca0df,aace2bf97224c2cca95c7f3d02112a85,1530081645,1530082060,"ClusterInfo": ""
20180627055216e6b48fa7_8d1e_412c_b0bf_f3e2de42b71d,590645f5981f7e815d0d3231c3a76cfc,1530049936,1530050075,"ClusterInfo": ""
2018062702384720c8b015_da42_48e2_bbe6_f0f47cb0ed30,2abd4a00f615ec12239e6293bd17550f,1530038331,1530039714,"ClusterInfo": ""
2018062711363546ccd7b6_081e_410e_8eff_d4ca4f94c8ad,099f7d449a28c6eed3429ae21988ba86,1530070595,1530101946,"ClusterInfo": "{"ps":{"count":20, "cpu":600, "memory":5000},"worker":{"count":100, "cpu":500, "memory":5000}}"
2018062713532558c8cdc8_2f58_4691_b69b_e0baac428dec,41a8c7632f764999905f8a6a96fe34d0,1530078805,1530078941,"ClusterInfo": ""
201806271450384d4a6d4c_42a0_4836_8c51_50ab89e2781f,b69265ed6ba1f576623bc6b77789bd35,1530082238,1530083275,"ClusterInfo": "{"ps":{"count":16,"cpu":1000,"memory":15000},"worker":{"count":16,"cpu":2200,"memory":20000}}"
20180627100949509a7e56_7379_43f4_a96b_0d1a8ffda2e5,3a7a56c2fe19248844db4d589897fb79,1530065389,1530065851,"ClusterInfo": ""
20180627045851218dec91_3d39_48d9_a8ac_ed1286c794a9,1f80ff3b97d9223e78c88730ff0291ce,1530046731,1530047676,"ClusterInfo": ""
20180627080726b7c7ceb5_2db8_4b2a_aadb_e8b75ede7aae,ae485892c362c4bcfb10c89bc13dc071,1530058046,1530058690,"ClusterInfo": ""
2018062714590390f6e086_bbb7_4c93_9ce1_6592a1f2707f,b74480b6f63f818c9de1d8877d56e6ed,1530082743,1530082894,"ClusterInfo": ""
20180627022611b16871f3_67b9_4972_b164_acf3d8fdc5f5,558f2fba786d3117f763a09d9fcee567,1530037571,1530038277,"ClusterInfo": ""
2018062708270683419e4c_f572_4878_acfd_a44e124a20d4,3402af0449ba37b95bf153cdd10ab7ff,1530059226,1530080954,"ClusterInfo": ""
2018062700284553698ad9_18a9_446c_a599_d548174c7be6,1920e0545109febf8c6e3014ac6d8dd7,1530030525,1530031349,"ClusterInfo": ""
201806271304419c9b5609_34b1_4630_948e_e8549d7e9186,3b518a33bd67dfbf81606dda885b0737,1530075881,1530076004,"ClusterInfo": "{"worker":{"count":2}}"
201806271119371330d61d_35bd_4b90_840f_f8c2c5bab8e5,0b9023e07bdac5c68dfc91ac83dfeabb,1530069578,1530070116,"ClusterInfo": ""
20180627115234cf60cf29_8c9d_46cf_9b0f_3184aa521c6f,253c78993e9c4e50bd64087b36a01355,1530071555,1530075873,"ClusterInfo": ""
2018062710205482e41d65_b01d_410a_9576_9affbcf272d3,d726cd63f550a1e8a8f9c6d0c491ccf9,1530066054,1530070890,"ClusterInfo": "{"ps":{"count":5, "memory":20000}, "worker":{"count":5, "memory":40000, "gpu":200}}"
2018062705485116e990b1_9746_478d_95c2_cba0beb81bb3,590645f5981f7e815d0d3231c3a76cfc,1530049731,1530049878,"ClusterInfo": ""
2018062704483655b2bd8a_74cc_4fe0_8c81_4c78ebce5bb4,09319d41ea41580cd5b54c97de0af98e,1530046116,1530046679,"ClusterInfo": ""
20180627094101b9b11fcd_6c7f_4b61_ba3b_d10153840e13,ab49dac64f5b3fe416680dd66691f489,1530063661,1530063769,"ClusterInfo": ""
20180627013520801ba2bb_bc70_4b0c_8818_d00154516a10,a6a588541a8bbf614e96d95699c4bef4,1530034521,1530035158,"ClusterInfo": ""
20180627093228f5740426_eecb_420a_ae20_84a089de46ed,f6a8a3d6d93a19c5093dc915fd0ebeed,1530063149,1530078123,"ClusterInfo": ""
2018062710221720f93d6c_80c3_43cc_a1bd_6919348b4cf2,b3588b9fb39b7904fde144a09227b206,1530066137,1530080867,"ClusterInfo": ""
201806271336328bae0fc8_48b0_463e_86ee_8e0713bd3e6f,5b54082ef3df29e9378a60330f3a249d,1530077792,1530079877,"ClusterInfo": ""
20180627142213437d5dd0_a15c_409e_b2f6_12c5d4e91192,3e36a095cbeda286f7ac37b04b297901,1530080534,1530080864,"ClusterInfo": ""
20180627135044e61a7254_25a5_489c_81ae_7db5480c3092,3bfa545bfb7cbbff14fe343062f9feea,1530078645,1530078899,"ClusterInfo": ""
20180627075748a338d0fe_3427_40ba_b83c_1f6365873339,c6b798388877c693371df8c1d9f1dfec,1530057468,1530064896,"ClusterInfo": ""
201806271451248bc53dd5_d6f4_4552_9fc1_329e294c05dc,6f11a8831bdcaea114acf1fe687e65af,1530082284,1530082601,"ClusterInfo": ""
20180627105138a4de4a95_3ca0_4d83_ad74_1d7e14e2d8fb,160af1b6679d0411ae65ec5d2e5cf7c1,1530067899,1530068416,"ClusterInfo": ""
20180627063200efb9f7fd_7a28_4ec9_91f5_8a97cfe02348,d9c76aaa64d01115465699b43e64b579,1530052320,1530054598,"ClusterInfo": "{"ps":{"count":2},"worker":{"count":3}}"
201806270456285e589937_8bb7_4783_b805_4a2d5a2b126c,d6f4e0e810c6d61c2e3e7b6647f219bc,1530046588,1530047848,"ClusterInfo": ""
2018062701273206994239_ee41_4cfc_833b_a168dd7f2be4,088f90dfe6047075fcdb3008ad0c4470,1530034053,1530046336,"ClusterInfo": ""
201806271110466b8c10ef_0c79_4ae3_9ee8_65773504568c,bdccf171bcaa8c24c028cd17ce0658c8,1530069047,1530077960,"ClusterInfo": ""
2018062704584914241aa6_fa42_4868_8af5_c8239adbcb47,200895cc943e1fe65d3b05828806d90b,1530046729,1530047347,"ClusterInfo": ""
2018062706594716c8d01d_2b19_4dc7_8f09_a91a4782f3ef,34f1aac3ee09879cc5bae2667125d897,1530053987,1530054953,"ClusterInfo": ""
20180627102004ede00b5d_c4e9_4209_a024_e5c957b5dc0b,bbb3e22f524dd02fda6f5346aeb9c7e6,1530066004,1530066682,"ClusterInfo": "{"ps":{"count":20, "cpu":600, "memory":5000},"worker":{"count":100, "cpu":500, "memory":5000}}"
2018062715522934b17377_71d4_47fb_83c7_48b426a8b80c,8343dfa12af7ba110a4391f4ae58857b,1530085949,1530088199,"ClusterInfo": ""
20180627093240af52e2e8_410d_4b22_8d49_917297945457,bd76bd996c7c9b7c78a23dd4ebd54019,1530063160,1530063381,"ClusterInfo": ""
201806270928522a7b024d_a724_4c9a_8835_fa876a66f326,a21ba3d959a6abc1520e0ddfe84ee8d4,1530062932,1530063305,"ClusterInfo": ""
2018062706155528c084dc_8287_4b4f_a02f_2eeb4cc48f74,00de3251252d4cc5246150f6da776195,1530051355,1530057176,"ClusterInfo": ""
2018062714220927184977_5abc_4ac8_90c8_8a3f432f3bcd,e22819c3a251757de3ce4460f7d7037f,1530080530,1530081191,"ClusterInfo": ""
2018062700321375416f96_8918_4c2e_bba4_de48ac3c6d5b,3a2c391647f5c5697753f4eff1ab6c6b,1530030733,1530031257,"ClusterInfo": ""
2018062710364861a4f908_27a9_437d_aa35_9c82132d4a42,e62b2a49bcbe64183fae0ed2377f9a51,1530067009,1530067358,"ClusterInfo": ""
201806271421223871bb47_c03e_41f7_9f5a_493461a96745,f0a495185a027d58af8593beedc50777,1530080483,1530080525,"ClusterInfo": ""
2018062713580889071ad0_229c_4c8d_83c1_b0cafe2a6730,bc806a64ee1a1eed56f8bccccaca7b94,1530079089,1530079670,"ClusterInfo": ""
20180627113454ed1dacf7_0fdf_4e9f_8cff_e25e3e23b4c7,bafd8d6de3d30eb0be8d80436c08b015,1530070495,1530082765,"ClusterInfo": "{"ps":{"count":20,"cpu":1000,"memory":15000},"worker":{"count":40,"cpu":2200,"memory":20000}}"
201806271347512f22e907_8f8a_42e5_9208_a66243d47d38,bdcf990ac43b8a1a429ed894553a9d06,1530078471,1530078829,"ClusterInfo": ""
20180627105221611759e9_4e38_4e4e_97c9_b1848047ed82,45b08d873ced035e16268986732c071c,1530067941,1530071559,"ClusterInfo": ""
20180627022609d3db85b3_490b_4b58_aca1_9b4ed87e9141,31ab982ee598af612719c86cb8ef18d3,1530037570,1530038127,"ClusterInfo": ""
201806271555425699e3fa_d952_4ebb_975d_85868fe35546,8343dfa12af7ba110a4391f4ae58857b,1530086143,1530086540,"ClusterInfo": ""
20180627153638d61976ff_34d4_4505_920f_13c7e0fbeab4,7e586c326e805e591ddacc3f83696136,1530084999,1530085259,"ClusterInfo": ""
20180627094651347caf53_9a81_43e9_8531_561d87a71fd8,268362a099742bbcf8da8c53c0b3fb10,1530064011,1530064597,"ClusterInfo": ""
2018062709153068976750_6df0_4623_b1cc_bcc0abdb3429,bebdc1e2e5a761efcea15ee144e47c8c,1530062131,1530062714,"ClusterInfo": ""
20180627141758a0eb909d_1005_47fe_99c6_6b3bd64b6f07,44cfebd3a8ccc2a65629576f5fac8c9b,1530080278,1530088740,"ClusterInfo": ""
20180627030719244bbab7_6e65_4093_930c_8d64d280c74d,ffd0195dfd576f4d9834662a42fed6ae,1530040043,1530041157,"ClusterInfo": ""
201806271739001e685873_5b5e_4378_8a60_1373b837977f,ee223b02541abf1415d0e2df33fa0cb4,1530092340,1530093448,"ClusterInfo": ""
20180627160401e21dee41_112d_412c_bc79_2529c3973e3b,d8a8f2c810edb9883f570e649f3008c5,1530086642,1530087173,"ClusterInfo": ""
20180627224224a2d3686f_49fe_4d53_bce5_00c3d3b4533d,fefea6dd23916d8be05d1e713d0214fe,1530110544,1530111754,"ClusterInfo": ""
20180627225528ef3a7463_216c_40e3_a730_0a8fb1d7b316,d1f9ad387e014c5c098af70140d5a953,1530111328,1530112549,"ClusterInfo": ""
201806271826029a54b1e5_591c_427b_9e8a_40d70ac4947f,5aca693082d57b2317fffe600f5265a1,1530095162,1530095754,"ClusterInfo": ""
20180627180751bf9c1e61_076d_4754_bb9c_5dda9ac641af,00ec44b29635804f60de16d21c079a5a,1530094072,1530094735,"ClusterInfo": ""
20180627180532473680e6_74f8_44cc_85aa_40485122c8ef,1450ac2edcefd2325a58796cfba71c46,1530093932,1530094753,"ClusterInfo": ""
20180627182621b02217d1_34a5_43e9_959b_08bed69f5d4e,e3973724de05bc3ec1e4a4f5bb5f7954,1530095181,1530156002,"ClusterInfo": ""
20180627174055633cdc61_aafc_48d9_9729_b5f860692bf0,879abd240db3aaedd16f476aa63df6a6,1530092455,1530092757,"ClusterInfo": "{"ps":{"count":1, "cpu":600, "memory":5000},"worker":{"count":1, "cpu":500, "memory":5000}}"
20180627172746cc051650_6e61_4cfd_999a_dda327a5cef1,5b6f78682ebb50b7ef98c4eef042ee6f,1530091666,1530091746,"ClusterInfo": ""
201806272113176ad5851b_b73d_49e6_962b_550da149b742,6a827bd63460b66513b6f878640fa233,1530105197,1530105429,"ClusterInfo": ""
201806272055443e28ca31_2f2a_4ef3_a13e_c363b52b7a22,ee631886c08cec67b2a5debee563c8d4,1530104144,1530104878,"ClusterInfo": ""
20180627202723e249d3a9_1207_4b5d_9eee_a0b4bba9c0bf,4195fdf6eff5f3b63b00634f8003f4c9,1530102443,1530149612,"ClusterInfo": "{"ps":{"count":14, "gpu":100},"worker":{"count":2,"gpu":100}}"
20180627174646b9ac7849_3d10_4de5_acc2_13defd7f52b0,527703afbd2bd20bfda1ac97a59ddc38,1530092806,1530093421,"ClusterInfo": ""
201806271807538a0d1e55_77f7_4694_b0c0_86eabde17005,5aca693082d57b2317fffe600f5265a1,1530094073,1530095054,"ClusterInfo": ""
201806271812320bfa314b_3abf_40b7_9d8e_028c7582a7ca,7025dafe9f858a1637f54df6cf34f093,1530094352,1530094381,"ClusterInfo": ""
20180627205921537b996d_8142_489a_abe4_bd767632cdd2,daf9d8ad12ff9f2aafbb752b9cec15e0,1530104361,1530105362,"ClusterInfo": ""
20180627212044fd770538_a4ff_4a20_a6f4_373605bd25d6,0fb40b7755fed6a5a44e6d8f3c6498f8,1530105644,1530108988,"ClusterInfo": "{"ps":{"count":1},"worker":{"count":3, "cpu":2000}}"
20180627170612f10a62f9_f90a_4a35_b57c_74b7a4b80e67,468a7098e35e6c7f88d6605770151f6b,1530090373,1530091271,"ClusterInfo": ""
201806271652366d5843bf_15de_4a39_b5bd_b80de06a5d55,d4ef9500c77c4fd59f111f76fc1d59ac,1530089556,1530089924,"ClusterInfo": ""
201806271923024afc0e36_c24c_45ab_89aa_f5790eaff22f,eb79433645228a62bb786e21449cc882,1530098582,1530099152,"ClusterInfo": "{"ps":{"count":1},"worker":{"count":10}}"
201806271839454c2bd60b_8f40_439e_a83e_d5308610a98e,873fc77760f1c504e2107e1c81a42e2d,1530095985,1530096603,"ClusterInfo": ""
2018062722123111ce3ced_169b_43b6_beb4_ffde38022781,960a68a7d179c7d0422084b671ebb814,1530108751,1530109536,"ClusterInfo": ""
20180627233336af8fd370_b04f_4d67_b841_33e21b26fd25,7578e5dea7e8d98d17039486e8665776,1530113616,1530116690,"ClusterInfo": ""
20180627205921d97f9650_b04e_41d8_a3bc_c586fc021181,a7c4d8758f7f8545cecb3477099c8a3a,1530104361,1530105187,"ClusterInfo": ""
20180627195912297e4a0c_3287_494f_ab88_536beb03dbb5,f81f060b1883949cea34d36bc2180c84,1530100752,1530100872,"ClusterInfo": "{"ps":{"count":2},"worker":{"count":2}}"
2018062717143970d43b6d_bd6f_442b_b9ce_02ea7b7b84b3,667af21a780b1c15be97f930d888994b,1530090879,1530091511,"ClusterInfo": ""
2018062716022527a100e5_b723_49dd_81f3_fca0cb7521a9,468a7098e35e6c7f88d6605770151f6b,1530086545,1530087446,"ClusterInfo": ""
20180627161133ddd83536_4dfa_4307_b48f_95cf3018e2fd,abd0facab60cefd9982a8e47202246b3,1530087093,1530088531,"ClusterInfo": ""
20180627172319127ac771_2986_42ab_9917_9c64b0ac5e94,eced3524de3b81fd91dfa9790614c8ba,1530091399,1530091771,"ClusterInfo": ""
20180627172126d9c27a39_f896_4725_9e35_c599bac374ae,6b379adbb8c8304b5413b65088a6c654,1530091286,1530091807,"ClusterInfo": ""
201806271742457c11a4db_4cd7_4bfb_bb3e_c3c393e5ee5d,deb09270449b80d91abcc454d452b702,1530092565,1530109274,"ClusterInfo": ""
201806271802537dc963f4_da32_4c1a_a64d_042881139353,16d7cb6345fc6a33f540b242c619ea63,1530093773,1530094376,"ClusterInfo": ""
20180627222658ad1784f3_6876_4491_a244_f8d2480696b5,3a9ed48591fa540cdcdecb277e8fa38c,1530109618,1530110022,"ClusterInfo": ""
2018062721171685514388_4b66_4add_90c0_033471a8a7e0,ddd08540a2cf3c0055da97449bcd8900,1530105436,1530110027,"ClusterInfo": "{"ps":{"count":1,"cpu":300},"worker":{"count":5,"cpu":1000,"gpu":200}}"
20180627160322f97f3346_9cd5_44a7_8c94_9f5f7e847674,32f50ff09ed24de176de96b520099b20,1530086603,1530086854,"ClusterInfo": ""
20180627173941e60e72a1_d1e6_4ce4_822f_ea673c57019f,8755078e090c4bc82d09aa689de12c4f,1530092381,1530096701,"ClusterInfo": "{"ps":{"count":1},"worker":{"count":10}}"
201806272120444265684d_0dc4_4f02_a6c6_9f554149afb9,6ec9a9aa9acb65e89b87b599d9dc91f1,1530105644,1530116115,"ClusterInfo": "{"ps":{"count":1},"worker":{"count":3, "cpu":2000}}"
201806271746439100e333_bffc_4b5f_8f41_0d532e545c84,9928bc15fa6e20d52adb2c0801503170,1530092803,1530093574,"ClusterInfo": ""
20180627212044ee9be1df_c531_47f3_8c13_4a056ed7c77d,869b95a287cc290fbf8b0a6866d4b2c3,1530105644,1530111578,"ClusterInfo": "{"ps":{"count":1},"worker":{"count":3, "cpu":2000}}"
2018062719530147cf7ef0_edd9_422c_b031_8baa58cdefd1,e3aaf8da4846b2541ed081723b5f0a9d,1530100381,1530101147,"ClusterInfo": ""
201806272024265c8225b3_3e8d_43c7_9029_e92775b6725d,141796a2e2675e90c7580c8afdfca890,1530102266,1530102367,"ClusterInfo": "{"ps":{"count":2},"worker":{"count":2}}"
20180627171557d6145498_c521_473a_88e0_2c02239c01c9,3f03c02fc6ecd82a1fd0653d6551a866,1530090957,1530091759,"ClusterInfo": ""
2018062717580543850e09_dc96_470f_9221_65a4340dd1e0,3f03c02fc6ecd82a1fd0653d6551a866,1530093486,1530093920,"ClusterInfo": ""
2018062716063023b2c39e_7627_4424_867b_ecee80ed0fa0,4138598b853d9e74b3307750a48e0f4f,1530086790,1530087515,"ClusterInfo": ""
2018062722122220c5bd66_2ba1_4c32_9cf5_177f2effdb2e,e8ea4943c35f0f50cedea6a447ca604c,1530108742,1530109456,"ClusterInfo": ""
20180627204536d593d763_2fbe_4932_ab5c_09a86f19d0e9,bd615534fbc3f80cc3184f163b8aab09,1530103536,1530104067,"ClusterInfo": "{"ps":{"count":1},"worker":{"count":1}}"
201806271739469711d0b5_9213_4c57_b492_ba124cf09a8e,746d8962992102c6b83c763624aad549,1530092387,1530149440,"ClusterInfo": "{"ps":{"count":16,"cpu":500,"memory":20000},"worker":{"count":16,"cpu":1000,"memory":20000}}"
20180627184023df814a9d_ee37_4ebf_ac8b_2dd596ba7c3e,5c2b0f316e5ecccc6d2240ee60a98bf6,1530096024,1530096198,"ClusterInfo": ""
20180627200838135c3daf_5a47_46c1_aa16_dab67233c460,1ad0bc77288f9683601181eee562da0d,1530101318,1530102108,"ClusterInfo": ""
20180627204708fcedf2a8_984b_4b46_9419_5372b34cc44a,a345d5961686c71a8911f4f9a4081eda,1530103628,1530103657,"ClusterInfo": ""
20180627195232ebffd357_5f19_4321_b016_de1116eb88f5,f81f060b1883949cea34d36bc2180c84,1530100352,1530100600,"ClusterInfo": "{"ps":{"count":2},"worker":{"count":2}}"
201806271733050a2dc6b7_4b87_41b0_a0b0_771347aaef66,c25af26f2c9654169e138f70b3da0332,1530091986,1530092898,"ClusterInfo": ""
201806271758008a2d761d_2868_4073_b0f9_487270ba59c2,ee223b02541abf1415d0e2df33fa0cb4,1530093480,1530098011,"ClusterInfo": ""
20180627211817e7582e03_2957_45f7_ae4b_3e6466d2bff2,ba0804d558c1aa872b59b364fdb5fb4d,1530105498,1530108257,"ClusterInfo": ""
2018062723005206552630_faba_456d_ba3f_01245a33c629,3739eb602a7d3032e10ab12cbd6baa1f,1530111652,1530111912,"ClusterInfo": ""
20180627203050b65a6534_21bc_4d63_80be_0c3dd77d2c04,7e712ffa0f7c98ab12823e323709c5d3,1530102650,1530103092,"ClusterInfo": "{"ps":{"count":1, "cpu":600, "memory":5000},"worker":{"count":1, "cpu":500, "memory":5000}}"
201806272008343bb9518d_1590_4bed_840c_88f78614c900,b16e9c9ec30c9b21c546ce03191f21bb,1530101314,1530101965,"ClusterInfo": ""
2018062716140625821e08_88b8_4514_b5c8_f639ce7bb05d,e150eb111cef764e5d57beaeb04e86e8,1530087246,1530088190,"ClusterInfo": ""
2018062717320440f6eb72_d72e_47b4_aee3_665dd0eb4ba9,7afc4c4d420cba9a3a44dc2df8aab799,1530091924,1530092422,"ClusterInfo": "{"ps":{"count":40, "cpu":600, "memory":5000},"worker":{"count":100, "cpu":500, "memory":5000}}"
20180627213720b3e5011e_8c30_40bb_a88d_a01e6652a6f1,f3e4cc05629b7f43790732b6e8377abb,1530106640,1530106910,"ClusterInfo": ""
20180627193317452afc92_86fe_4d93_8c8b_9e45bd6793c8,7293f73b6807c6f350858f1063f34ac6,1530099197,1530099562,"ClusterInfo": "{"ps":{"count":1},"worker":{"count":10}}"
2018062720253107378217_bc0a_4d08_8ff0_4728af78d8c7,fbd5199a751b0faccfde657f7e81a9b6,1530102331,1530115060,"ClusterInfo": "{"ps":{"count":16,"cpu":1000,"memory":15000},"worker":{"count":32,"cpu":2000,"memory":20000}}"
20180627191536f069ed9b_aac1_4e17_8790_4b5b2eaacaf8,03ca3e78db2c74d466726081cbb26dfb,1530098136,1530102180,"ClusterInfo": "{"worker":{"count":8,"gpu":100,"cpu":400,"memory":30000},"ps":{"count":2,"cpu":1000,"memory":30000}}"
201806271606261bb93ab6_0454_4dce_94da_63110a5dc2dd,39d2825ecccb094a4395029557c589cb,1530086786,1530087493,"ClusterInfo": ""
2018062720515258125aa5_674c_43b6_9187_b32069508aef,91adf5dfba52dbfe1f462ba5381f8666,1530103912,1530103946,"ClusterInfo": ""
20180627185213372e2efb_33a1_4ee0_a363_a56c08fe1352,498f7aa7158d1f2be74b97c38dd289c5,1530096733,1530100079,"ClusterInfo": "{"ps":{"count":1},"worker":{"count":10}}"
2018062718372710e7cbfc_febf_4cd1_8322_2f814a639822,7de1c83a3ac27060d0d416d3d262c67a,1530095847,1530113429,"ClusterInfo": ""
201806271603434caaa3cc_dc89_4b24_9da9_f1abfe197540,56f54e743e0fd82f4661076bf662e7c9,1530086623,1530086653,"ClusterInfo": "{"worker":{"count":2}}"
20180627212044dfc8bba9_3981_4946_ba4f_45147de5178e,5ccbfc67b32e08e83c709b458c24444e,1530105644,1530114330,"ClusterInfo": "{"ps":{"count":1},"worker":{"count":3, "cpu":2000}}"
20180627183941c63e81b8_ef8d_4919_abb7_22997d9ee5d7,f380e5c460c522c2de77bfa15f756328,1530095982,1530096706,"ClusterInfo": ""
20180627160629b1d1ea3e_ad54_458c_8e2c_ab6b0be7a763,0f75d978b667655f901e3ed05383d754,1530086789,1530087390,"ClusterInfo": ""
201806271654173c1a9fb7_7ca0_4fdc_b854_5ee7fd4cad60,d6789025dcf91202975b5937dc2a4f67,1530089657,1530089900,"ClusterInfo": ""
201806271756271ffc25e6_3065_4a56_bd90_99531415f491,f85422c3c9a27ce6e4194d1f4bef7978,1530093388,1530094013,"ClusterInfo": ""
2018062723010894358f1f_5ba6_4a0c_8eca_c7f1a504d018,8e733499ee7dd0464586857db56896f6,1530111668,1530112531,"ClusterInfo": ""
2018062719154479be109c_1cd8_4261_9ac9_81aeeedc94ef,0b61f0a4a9d85abf379c50fd9aa4d452,1530098144,1530099026,"ClusterInfo": ""
20180627195257c2d25bc6_e964_456d_a590_fb4e10ee8eda,bd0af89311b861ccc7b1cb868bcc721f,1530100377,1530101098,"ClusterInfo": ""
201806272041542a82da68_5407_4f51_9ad9_6f0bb2728f6c,1d10fd64eaf787cb31126c47601b25b6,1530103314,1530103931,"ClusterInfo": "{"ps":{"count":1, "cpu":600, "memory":5000},"worker":{"count":1, "cpu":500, "memory":5000}}"
201806272249180ba7d974_cdfd_46db_9f7d_1a96507c71ad,5449045c88ad73298bb3190053695413,1530110958,1530111091,"ClusterInfo": ""
20180627205546f24bfc9b_c8c4_4fad_9a99_cb0ccd52d35f,becdd65a619c7f303febb8f20f728aff,1530104146,1530104860,"ClusterInfo": ""
201806272138379b7e1d39_dfdf_4cf3_9307_c4842d47c355,af392bad7753ba47459af2cf3d517206,1530106717,1530116241,"ClusterInfo": "{"worker":{"count":8,"gpu":100,"cpu":400,"memory":30000},"ps":{"count":2,"cpu":1000,"memory":30000}}"
20180627190709ad7451e2_97bf_4938_b3e9_c15fc59d31ac,c7bf4c2e9153cf3805fe079f30a31f84,1530097629,1530097730,"ClusterInfo": "{"ps":{"count":1},"worker":{"count":3}}"
2018062717063989a7ef6a_bd5f_4f65_b26a_0fa265972c83,69eca2a058cd4f06bf9dcf127188ee8a,1530090399,1530090531,"ClusterInfo": ""
20180627180249ad2647d6_7e2b_41b8_baa5_c380d6b57475,735a375695f675163d19546c548d32a9,1530093769,1530094382,"ClusterInfo": ""
20180627204343625b5e67_ea0f_487a_8ef1_5c8296dc8d58,f393a6180ae6a68af3012de56953ae7e,1530103423,1530141508,"ClusterInfo": ""
201806271950162f3da32e_cec5_4da1_99cf_0990f8191a55,c17c918166502bf3dc025586f33baf8e,1530100216,1530100777,"ClusterInfo": "{"ps":{"count":1},"worker":{"count":1}}"
2018062719332860ca3e6c_c785_4218_ab4c_c4400e7d72c0,1e45bf42fd805fda5b9500deb79d0a05,1530099208,1530100033,"ClusterInfo": ""
20180627213458c1d09a36_1d8e_470c_bc81_eb8087beb992,f3e4cc05629b7f43790732b6e8377abb,1530106498,1530106610,"ClusterInfo": ""
20180627182904c0065e90_22c0_4880_a424_c8e6e693f52e,96dbd69799a38ac9af91520ed434394f,1530095345,1530102857,"ClusterInfo": "{"worker":{"count":8}}"
20180627213718adf0bfae_960b_4f72_aba2_abbd583236f5,c2d4d48bce0cbe920c33be3d5bb987c6,1530106638,1530106908,"ClusterInfo": "{"ps":{"count":2},"worker":{"count":2}}"
20180627221221a744ec8b_a3ba_4e15_a445_2370b5d6e8cf,0c55323e6d31f6129f3152fa07ab498e,1530108741,1530109508,"ClusterInfo": ""
20180627215707de3240d2_bd63_4c8e_ae60_d2812a50babc,283bdf4274b816279b0a4eb3c2ac27fa,1530107827,1530119793,"ClusterInfo": "{"ps":{"count":1,"cpu":200},"worker":{"count":5,"cpu":1000,"gpu":100}}"
20180627200836e41aa855_cc98_47fe_81ea_afcf248827c0,9e697d390cefe61decfa6a95c5223e8f,1530101316,1530102038,"ClusterInfo": ""
2018062719285038407c2c_dfe6_4d02_8097_936d70ef504e,ccc5236a48bfd81b6d70014a11ac6bf6,1530098931,1530099002,"ClusterInfo": ""
20180627215517692ea893_ef25_4d3c_a6cb_6ad0d443772f,250026e6cf2b1b4176c2cc22e9c7d2d4,1530107717,1530108323,"ClusterInfo": ""
201806272251445ecbf8ce_10e7_4cfa_87ad_8229bffe8bc2,286d3b56059b8f835507c8b64fb3ac6d,1530111104,1530111571,"ClusterInfo": ""
201806272122441e0702f7_6052_4b5a_a436_acdde2280e81,b3305864f77b808bad67da7b9894ab76,1530105764,1530110423,"ClusterInfo": "{"ps":{"count":1},"worker":{"count":10}}"
20180627203237299db739_187f_4fc2_9ef3_5366affb5d87,0d5ed7eba0643bea3bf88d19816c06e3,1530102757,1530106849,"ClusterInfo": ""
20180627175306ac9aad9f_cf24_4418_9693_4ed7be7d7a5c,dfb2c30d3394a96a2fb09db86278f2c9,1530093186,1530093730,"ClusterInfo": ""
2018062719274371df87c5_c4e8_4073_9a97_52e00072cd86,879abd240db3aaedd16f476aa63df6a6,1530098863,1530103168,"ClusterInfo": "{"ps":{"count":1, "cpu":600, "memory":5000},"worker":{"count":1, "cpu":500, "memory":5000}}"
20180627160303c254fa7a_07c8_4fe9_8fa6_f4d23eaa3448,514a8246be95f047dd30fc559c70338a,1530086583,1530086664,"ClusterInfo": ""
201806271746473ef5e831_d50d_47bf_a54f_d6e496548272,90328cfa76c4d2436b4f0c7158a35237,1530092807,1530093430,"ClusterInfo": ""
201806271707262e9d8fc3_4fd0_421f_a761_25a49571515e,276652b00107b91bd412e99263acbe22,1530090446,1530090497,"ClusterInfo": ""
201806272005316831628e_215b_4378_b71f_64b862438c15,ce49cdaccec7ecaf967be65b6d4853e8,1530101131,1530113623,"ClusterInfo": ""
20180627193302466f9773_7ab4_4d4e_92e1_01d47cedb53b,58ca9d88c5a9b4435e40d74277672e80,1530099182,1530099701,"ClusterInfo": ""
20180627225340f3cf7382_b033_49f1_88f2_eac67f78adee,94f25d8456d8baef2096b060477b0fa6,1530111220,1530111384,"ClusterInfo": ""
20180627214216b7fd1d98_77f5_4279_a68d_e0bc52c6cc69,f3e4cc05629b7f43790732b6e8377abb,1530106937,1530112968,"ClusterInfo": ""
20180627210442de080a74_d742_46a3_a86b_f5496f13ebb3,c243e417970393d55be26d13a41c419f,1530104682,1530109824,"ClusterInfo": ""
20180627193328455cb65b_eda0_4461_9f81_5e34c23903e0,e8331e40f96087484a45ab33fa878313,1530099208,1530099963,"ClusterInfo": ""
20180627201336579e6af6_23f9_4859_a7e8_fa21aa1db736,32e60adfcf02e89a1d0654d837750581,1530101616,1530105738,"ClusterInfo": "{"ps":{"count":1},"worker":{"count":10}}"
20180627173737ccc82609_0d19_40ea_9e54_0a95208cca2f,ac06a30c374a6dd1f76f0b9a9b675d3d,1530092257,1530092573,"ClusterInfo": ""
20180627174803819d1004_a361_493e_a916_aa4d22e7d724,879abd240db3aaedd16f476aa63df6a6,1530092883,1530102090,"ClusterInfo": "{"ps":{"count":1, "cpu":600, "memory":5000},"worker":{"count":1, "cpu":500, "memory":5000}}"
20180627182046f92142ed_0476_4648_a7c6_7809295b59ce,5899d8d0fd6cbf5f51e5ad9bdd40f60f,1530094846,1530095545,"ClusterInfo": ""
201806272057037f073b1f_50b7_4208_af49_6f888dc6e531,c243e417970393d55be26d13a41c419f,1530104223,1530104325,"ClusterInfo": ""
2018062718394217205e50_c016_4aad_b463_6cdbb3110785,9df3ce642ac2bcc2e0fe62af5ae87bcc,1530095982,1530096695,"ClusterInfo": ""
20180627171113a5712243_37b4_4cad_abc5_ed29841bd53e,5899975490d8aac575b31cda892799c6,1530090673,1530090716,"ClusterInfo": ""
2018062719510822993098_e90a_491e_8807_cd1bd065b7c9,bc6bfac8316f5780fce39f2547b839bc,1530100268,1530100494,"ClusterInfo": ""
201806271942116db21f86_a5f7_4143_9806_0f61616d5d04,31336bc99989cf91f9ccbbf020d7083f,1530099731,1530186169,"ClusterInfo": "{"ps":{"count":1, "cpu":600, "memory":5000},"worker":{"count":1, "cpu":500, "memory":5000}}"
20180627195541b31cc8ca_2e77_4e38_a388_5f70aa886a19,bc6bfac8316f5780fce39f2547b839bc,1530100541,1530100713,"ClusterInfo": ""
2018062721445126f5fd77_3a5c_4dd0_bd51_d750e709d8a7,7ec30fc6e125ed16ebee5693d54b1423,1530107091,1530107249,"ClusterInfo": "{"ps":{"count":2},"worker":{"count":2}}"
2018062721204482f01dd6_2668_43a3_ad39_a25f7f3da73f,4fa15fd94788a79c7ae7c80c9ea52a51,1530105644,1530107066,"ClusterInfo": "{"ps":{"count":1},"worker":{"count":3, "cpu":2000}}"
20180627230110e4aa7fdd_bb75_4593_a87a_64678f28a67d,7f4a2b35624ea39786806fab7d85d992,1530111670,1530112458,"ClusterInfo": ""
201806272120458104cf4a_e543_4867_8ed6_5064bb1bcdd8,ddbd9e2ebab40d487767c48258035fec,1530105645,1530117957,"ClusterInfo": "{"ps":{"count":1},"worker":{"count":3, "cpu":2000}}"
201806271915465252d62a_4cbc_4a7c_ab99_822f57f47f82,f6342a9867d4cb7829bfd623c5243402,1530098146,1530098899,"ClusterInfo": ""
20180627200837a7f3b801_7108_4f3b_b2d7_b7ed06a01abf,ad82ccf3e38852f08656aec54858f923,1530101317,1530102061,"ClusterInfo": ""
20180627160732efd2fdf8_9aa6_4085_a59a_9b5f7c46a908,9cea5c3bf9f35fe906699f934c94d25b,1530086852,1530086934,"ClusterInfo": ""
20180627180732698425d8_23f0_4ee1_8b95_92d9d746fd74,7c65c3dd7cc73c59afeceb39af47a60b,1530094052,1530094346,"ClusterInfo": ""
201806272221288a70d27e_b2ed_4cdd_856f_72ae86cc8ae5,d8814a1db08e369e7b6f006b31c233d0,1530109288,1530109606,"ClusterInfo": ""
2018062717144109f802f2_6c9d_4f7c_96aa_f9c49c6ce9c9,678a31f3ccf869f80b4deedd3e7c7549,1530090881,1530091653,"ClusterInfo": ""
20180627173928c4eab709_9ef4_40e1_ae0e_57ade2d3fab4,dbf8a4eb2e39facdfeaf6ad861e11d0a,1530092368,1530131021,"ClusterInfo": ""
201806271721254279a122_7951_474f_8f55_48a76fc467bd,11b0a30a9751fb265a7f27b2ba5deab7,1530091285,1530091988,"ClusterInfo": ""
20180627205315ee0db4ee_0cce_4c98_b7e0_f8826ef58ed5,1fe2e4eed4d39c783e3530d179e93508,1530103996,1530104024,"ClusterInfo": ""
201806271945250e9583e7_4220_47e3_96b2_8edda36125e2,3483e49706a7f350af63ed10ed639116,1530099926,1530101288,"ClusterInfo": "{"ps":{"count":16,"cpu":1000,"memory":15000},"worker":{"count":32,"cpu":2000,"memory":20000}}"
201806271741448960c827_b4b0_4118_a96f_3a67b69cf315,04eb8572dd403fcb9aa4972478676ee8,1530092505,1530092597,"ClusterInfo": ""
20180627174450b9e60363_1e99_4de9_882e_74405302c8e6,22f0fcafb13f4f7ac9489d5d8e207ac4,1530092690,1530092813,"ClusterInfo": ""
20180627183942f8c1e294_589e_4938_abd8_d76c5db536bc,fd531919e6b1188ee804cccf0de37722,1530095982,1530096755,"ClusterInfo": ""
2018062720111242f110cd_9a82_40fc_8a83_b60af7f5b6c4,622b476341b0cb3494839cc222eb68ad,1530101473,1530101572,"ClusterInfo": "{"ps":{"count":2},"worker":{"count":2}}"
2018062718394455714b8f_584a_4476_ba87_2be1c2b568ad,de62d809a0c6bb558bf9e18fe0fb9c6f,1530095984,1530096717,"ClusterInfo": ""
20180627174604763ab36c_c9a6_48ff_8575_8c24c6212c12,879abd240db3aaedd16f476aa63df6a6,1530092764,1530101976,"ClusterInfo": "{"ps":{"count":1, "cpu":600, "memory":5000},"worker":{"count":1, "cpu":500, "memory":5000}}"
20180627160758bfd577e0_0d57_4b25_a2ba_fef4c8735ca1,172304bd2ecbb6ad6ae25c51843ebf24,1530086878,1530087156,"ClusterInfo": ""
201806272049181953f19a_eea0_4826_8eb9_c7dc96d733dd,54dcbc4524778d3e1f75f11cb1c11917,1530103758,1530103785,"ClusterInfo": ""
20180627215512785311de_667e_4630_8c07_618ffe13c4e5,7128a1cdbd82b47277de794df9456d4e,1530107712,1530108484,"ClusterInfo": ""
20180627192932682fa7de_086c_48c7_adcf_03f7dcc1a43f,758b5465e4820b1289824f2050344723,1530098973,1530105242,"ClusterInfo": ""
20180627202043855d29a8_3432_488f_a9ef_30c4b1d35513,efc0f5dcf10c06ddb07b910d52de0a44,1530102043,1530102579,"ClusterInfo": ""
20180627180050813f09d3_db13_46b9_bcc9_73a4798cec0e,1d0e4c924da60c938ad29e2a448de91d,1530093650,1530164043,"ClusterInfo": ""
20180627205922bb07fa07_1ec2_4261_93f9_703db47fb915,38cad209c1b5d24ce6af0e32be5eb4e5,1530104362,1530105162,"ClusterInfo": ""
201806271757120d6a2c06_ad75_4c59_aa92_3d036f673054,879abd240db3aaedd16f476aa63df6a6,1530093432,1530102077,"ClusterInfo": "{"ps":{"count":1, "cpu":600, "memory":5000},"worker":{"count":1, "cpu":500, "memory":5000}}"
201806271746459483fd45_6756_406f_a626_80400cb9ad62,b72f1b32677956a9551cec6d1c5a0439,1530092805,1530093256,"ClusterInfo": ""
20180627210243a1e77f8f_3a9f_4afe_aac9_05a19163feef,2f5ebd86e093f2076a3c0f05cda21556,1530104563,1530144186,"ClusterInfo": ""
20180627193015295e51ea_55f5_4b20_9806_6216a38ac9ab,b3c98bb6b8b6d95ad0e2cfc1ddc9c204,1530099015,1530185933,"ClusterInfo": "{"ps":{"count":40,"cpu":1000,"memory":20000},"worker":{"count":201,"cpu":1000,"memory":15000}}"
20180627172127e60011d0_6957_4dec_96b3_e174f06a6cf0,01f0f0cd9326189211fe39f2375302ba,1530091287,1530092041,"ClusterInfo": ""
201806272202364e3efc41_1228_4dcc_82a2_1ae50a2e7ebf,ed72fa14384b57953bd8e7415ea9245b,1530108156,1530108501,"ClusterInfo": "{"ps":{"count":2},"worker":{"count":2}}"
20180627175303c69ab299_2fd8_4367_940f_9c191e41e7e5,1f40743e180a39b5198507f5709df44d,1530093183,1530093855,"ClusterInfo": ""
201806271943175ec396e1_086c_4f30_ba7f_3d1e15dfb32a,74e8d90b63d09040ee17c930b1683d03,1530099797,1530100186,"ClusterInfo": "{"ps":{"count":1},"worker":{"count":1}}"
20180627174645c1a6962d_901b_413d_85d8_f34053341f26,52a36746df4e1170c6628bcbb7109f48,1530092805,1530093769,"ClusterInfo": ""
201806272141542069b971_f899_4197_b048_a964e8519fab,0bed09e03695b7fbb1c660990fb9e82e,1530106914,1530107078,"ClusterInfo": "{"ps":{"count":2},"worker":{"count":2}}"
201806272301086268cd22_80c4_40be_ae38_b90d66df38b2,c46dcd0b8f7ec328c56921709a47b978,1530111668,1530112350,"ClusterInfo": ""
201806272120447fc059fd_9f34_4347_8ad8_7f1b8d1c9aad,b0883c10935a866f46871855cabc4514,1530105644,1530116458,"ClusterInfo": "{"ps":{"count":1},"worker":{"count":3, "cpu":2000}}"
20180627193332a8ad375c_ee2f_4d89_ac96_7b717cb8c4e9,e1fc4839dbbe1fe954616ae463e84450,1530099212,1530100005,"ClusterInfo": ""
20180627174730cdf4ee77_5ae7_4ed3_9790_6249f6908fb1,2cda36ca1adfa30d77c5f0bba5d58659,1530092850,1530092972,"ClusterInfo": ""
201806272217543a294fbe_14f8_4330_a0ac_a13684138d19,cd4765867d92cb926b6c5c0f74856529,1530109074,1530115404,"ClusterInfo": ""
201806271737186113d5b3_7326_4dd6_b2ee_f3465df6be15,04eb8572dd403fcb9aa4972478676ee8,1530092238,1530093117,"ClusterInfo": ""
20180627202318b3b15648_c5a4_4363_8697_c83294d5ad9e,5846edc6eaebd55ac3b6bdd5d1d87279,1530102198,1530112291,"ClusterInfo": "{"worker":{"count":8,"gpu":100,"cpu":400,"memory":30000},"ps":{"count":2,"cpu":1000,"memory":30000}}"
20180627171209f955e478_0162_4981_9cbb_e1f4e57c8318,3f03c02fc6ecd82a1fd0653d6551a866,1530090729,1530090931,"ClusterInfo": ""
2018062720592502e52eb0_f33b_4639_970d_0ce59aa56f89,3303182eeb175f01c1a9253e36dd495b,1530104365,1530104897,"ClusterInfo": ""
20180627225917d8e7fcbb_fd9c_47a9_8bfd_ef77b839a127,668bb9273cd9711e08e3ac4e3eea80ac,1530111557,1530114546,"ClusterInfo": ""
20180627160004640db797_0113_44bc_9cad_e2a6ad029e74,6041d29173f8a690b6e3dfa2308b6ac1,1530086404,1530090386,"ClusterInfo": ""
20180627210403b5a4fd2b_5380_4d69_8f0c_b07f2f6a65aa,16fcbf08fd1087c4bfeadc162f990c05,1530104643,1530106521,"ClusterInfo": "{"worker":{"count":4,"gpu":100,"cpu":1000}, "ps":{"count":1,"cpu":800,"memory":10000}}"
201806271708150f7acb0d_bd18_4f44_8e00_cc2c8318e3a2,e4fc0b70a261d41285318e7ce2e1a59a,1530090495,1530090552,"ClusterInfo": ""
201806272000563f92b31c_7caa_463b_ac79_5adb9121dc3e,053139dc011d10486160726d3bcc3216,1530100857,1530101115,"ClusterInfo": ""
2018062718522211fc3cfb_d792_4fd5_86f0_a4a8c96a2a46,96dd3c5b9b30809584c5a52507a114a9,1530096742,1530142869,"ClusterInfo": ""
201806272011370357468f_71ff_495a_bec5_d5bb15229fed,ba24d72f45e7f1187f2e5824b4688b0a,1530101497,1530147555,"ClusterInfo": ""
2018062716035942fcd48a_314e_44bd_bd14_f0f6ec90ff59,5b1d4592251e462fe08dc7645c8e5d94,1530086640,1530087373,"ClusterInfo": ""
20180627211019fb70bf2c_5a59_4822_9063_62425caa3c51,f6ba356fa2785eb0811feb4dbfd3ba74,1530105019,1530148138,"ClusterInfo": ""
20180627180751ac43da73_db42_4f6f_a785_1bdbac63ff31,5e67f102ba18b9934cf5ee1b63b81272,1530094072,1530094558,"ClusterInfo": ""
201806272100080852a928_10f4_492f_bad8_dee448042d0b,c243e417970393d55be26d13a41c419f,1530104408,1530104601,"ClusterInfo": ""
201806271746478716e903_b0c6_48ec_88c1_2bdbf204d4d3,5b1d4592251e462fe08dc7645c8e5d94,1530092807,1530093757,"ClusterInfo": ""
20180627173309756fbcaf_eba1_4db4_aa6a_0176a6e0b63f,d030f2c9290474d048d747a4f19d81bc,1530091989,1530093509,"ClusterInfo": ""
20180627182133d56c763d_815e_4862_9a11_7cfeda7caad0,1450ac2edcefd2325a58796cfba71c46,1530094893,1530095937,"ClusterInfo": ""
201806271727041c97d3d9_688d_4364_bf41_0d8dfa431222,fe8c083faa21de265af89e8809e065dc,1530091624,1530091958,"ClusterInfo": ""
20180627214740d94a2328_f6b3_45d7_af7e_2196b1255ed0,ac0dc2a06c0b09f5c5b835730ac5411e,1530107260,1530107357,"ClusterInfo": "{"ps":{"count":2},"worker":{"count":1}}"
20180627204342c4785a98_4fd9_4f96_bcc9_482c17e492cc,695ae49d3f6c07ef7051ea4511ea5761,1530103422,1530119829,"ClusterInfo": ""
2018062717485196fc5e2d_9b73_4ceb_8355_8cd18e465af7,46b215dac2230c174b2bcddd08b7a21f,1530092931,1530093746,"ClusterInfo": ""
20180627221225ca6a0ebf_0c78_4e1b_b3aa_b3df4d9867e7,620247774ecea42411efa14d07f64411,1530108745,1530109584,"ClusterInfo": ""
2018062720030972ebd65f_97cf_424b_92a3_eb99f1d68579,ee223b02541abf1415d0e2df33fa0cb4,1530100990,1530154558,"ClusterInfo": ""
201806271933328d8c543c_3a22_45ca_86f2_e6fe7928a255,9dc7edd4bb497a271f5af68cc0067dc0,1530099212,1530100077,"ClusterInfo": ""
20180627160124fcd831b2_cd50_44dc_a046_608b182323ce,764c85ba6bccd0865e3bec832d70fb8e,1530086485,1530093263,"ClusterInfo": ""
201806271941449f823aa6_deda_46a2_8835_ba79e50b2224,9226ced521cbfb4a27773d51552617e7,1530099704,1530100341,"ClusterInfo": "{"ps":{"count":2},"worker":{"count":3}}"
20180627225805aca3178e_948d_4e5f_8407_64627bba762b,1e1cfedd1dcbf2caef8b2debcd0ebbb8,1530111485,1530112207,"ClusterInfo": ""
201806271721280e1c4f1f_462d_4a5c_ad1f_3c2708e2fa5f,a1f272254a6bbe80fe892136ba2a7ffc,1530091288,1530092048,"ClusterInfo": ""
20180627225800ba441490_efed_4c70_8fa6_a8d98de4da39,c2dedde222c1ee5398e305b8f0f83f47,1530111480,1530112030,"ClusterInfo": ""
20180627160625ae5072be_2892_4ce4_9004_b4d30e5fd00d,7087a98a0086cbed21a689ac8a7fa7fa,1530086785,1530087823,"ClusterInfo": ""
20180627200419eb631246_89ca_4484_81f5_4f779d7e19df,f81f060b1883949cea34d36bc2180c84,1530101059,1530101157,"ClusterInfo": "{"ps":{"count":2},"worker":{"count":2}}"
201806272247280c129300_98ad_4a2c_80c7_e2f388909c68,63d7f157534139f722be4b93d8408be4,1530110848,1530125656,"ClusterInfo": "{"ps":{"count":1},"worker":{"count":8,"gpu":50}}"
20180627230544806867a1_0520_478a_86d8_155981d9f36f,2eb0a99da56c70b120b22bf13d08edbb,1530111945,1530114519,"ClusterInfo": "{"ps":{"count":2},"worker":{"count":8}}"
201806271948167f4525be_f360_487c_ae99_0081cb233103,5aa79784700ca6708d4a18c850cd3e70,1530100096,1530101593,"ClusterInfo": "{"ps":{"count":1},"worker":{"count":10}}"
20180627212045ddf997ad_c92c_418b_a561_f274d9c7e9ec,86c9d8ff83a7838979414dff4c45cd4a,1530105645,1530108437,"ClusterInfo": "{"ps":{"count":1},"worker":{"count":3, "cpu":2000}}"
20180627193330c0ccedd6_354f_4493_ab25_10d17ddbad39,28cd9cdb03f4e57a4f207df9ec5d93ce,1530099210,1530100064,"ClusterInfo": ""
2018062720271855635f62_17fd_4212_8994_eb06b6500fe6,ed7f1df56e8ad5485d30e867d746aae1,1530102439,1530108543,"ClusterInfo": "{"ps":{"count":2},"worker":{"count":2}}"
2018062722114716ef5cae_3dfb_42a6_9804_485427999a87,1c53d9e6355bba3c32aa0521f83be598,1530108707,1530108825,"ClusterInfo": "{"ps":{"count":2},"worker":{"count":1}}"
20180627230524f172377a_d95c_435e_8075_dfc524b7d582,9eb814cdcf766cfd9c200c53daba45e0,1530111924,1530160711,"ClusterInfo": ""
20180627160552cc96968f_6a92_47d2_8bb3_f4092c28bbe5,9cea5c3bf9f35fe906699f934c94d25b,1530086752,1530086819,"ClusterInfo": ""
201806271856161e2790bf_e116_4e2a_b16c_707ae7e98341,7ec0f1324d4b3008b9c6b0dbb0f7fe45,1530096977,1530097572,"ClusterInfo": "{"ps":{"count":1},"worker":{"count":10}}"
20180627175303e56061a9_519c_4151_b447_95d80c063519,5681dd2e5dcc5cfc07e147d96f106df7,1530093183,1530094136,"ClusterInfo": ""
20180627182048165e9325_d5eb_4f23_af1e_52ba9ba4f6d7,3e09327412ca6447de8c4e3617bf4515,1530094848,1530095493,"ClusterInfo": ""
20180627221223350ac322_260c_443c_a145_0e85515f9efe,30d0ab425f702164648accfcbcb16140,1530108743,1530109338,"ClusterInfo": ""
20180627205923ac03312e_eb9f_4635_b997_faf70a0f8ca6,c326cf3c81badf0035f065aaa44b0d12,1530104363,1530104846,"ClusterInfo": ""
201806272104571f8d3a57_e76a_4d46_8b0f_6d7ecd33546e,87c2e63c6354c98751a70186c9a02c64,1530104697,1530106518,"ClusterInfo": "{"worker":{"count":2,"gpu":100,"cpu":1000}, "ps":{"count":1,"cpu":800,"memory":10000}}"
2018062717530318c99378_aab2_4a3c_bc01_a543b73ed430,2f10ed981d03263aded6409bb8dc589f,1530093183,1530093776,"ClusterInfo": ""
20180627213929c3441f23_d382_4fbb_973b_8f9a27cdada8,8cf919c7d3d9fc9401f2dc2bc95de2e4,1530106769,1530120068,"ClusterInfo": "{"ps":{"count":1},"worker":{"count":1}}"
20180627173247d496fddc_49f4_4366_b9cd_4b3f4924ac0b,5b6f78682ebb50b7ef98c4eef042ee6f,1530091967,1530092100,"ClusterInfo": ""
20180627200131485a0132_7bae_4753_9b27_834ba7fd8057,2e6f533e8b50e2a946858eccabd040b7,1530100891,1530100991,"ClusterInfo": "{"ps":{"count":1},"worker":{"count":2}}"
2018062717100871489642_fdbd_4f8b_b6ce_73b23851e3af,9c27981fa52d2234999c99b542f1c2b7,1530090608,1530090970,"ClusterInfo": ""
201806271921085f454612_6520_4955_a0f3_5def7e772277,b94a0918cdcd837cdc00e6bc4d92743e,1530098468,1530098780,"ClusterInfo": ""
20180627200834f40b686c_b9ca_46cb_8146_b59ef882f83e,b2096f186b2620c82ae4d32104314072,1530101314,1530102126,"ClusterInfo": ""
20180627170537aebc2635_98b0_4f86_ab4b_b77139ac3311,08a975561f13b7104e5138455f5968eb,1530090337,1530090386,"ClusterInfo": ""
20180627175306667ef5d7_eaf8_4f55_9420_5f154ad44717,339e874c216ee7f1dc040b63f17a0ef9,1530093186,1530093919,"ClusterInfo": ""
201806271659557e662ddf_a003_48d5_962c_eaa0f9ce9027,764c85ba6bccd0865e3bec832d70fb8e,1530089996,1530096159,"ClusterInfo": ""
2018062717260681d84b63_9de3_43e6_9c29_08e9850a21ac,5b6f78682ebb50b7ef98c4eef042ee6f,1530091566,1530091651,"ClusterInfo": ""
2018062720384777b3ac7c_0ec5_4a13_9069_1de27b05b4a7,03150a8f5cb01387b212bedb7e254a56,1530103127,1530103972,"ClusterInfo": "{"worker":{"count":8}}"
2018062722083358fdbf3b_adb6_4a98_b5ff_e8303b742430,1df3e3560b31338b85c280b73894de71,1530108513,1530108540,"ClusterInfo": "{"ps":{"count":2},"worker":{"count":1}}"
2018062716062719bc0ecf_71f6_4c92_8b01_234a8ce0a68c,149a664b1d08069ee31e17c848f89558,1530086787,1530087312,"ClusterInfo": ""
2018062721204572c351a1_768c_4654_ac90_ce3d37a0f2f6,d062a4acf7cfae034bb355a10ce8b7da,1530105645,1530113139,"ClusterInfo": "{"ps":{"count":1},"worker":{"count":3, "cpu":2000}}"
20180627190722058f3b01_d652_463a_aecc_411388e70923,097320e1fc848a99371e53a8653c28bf,1530097642,1530098317,"ClusterInfo": "{"ps":{"count":1},"worker":{"count":10}}"
201806272009199e424f64_8ecb_4766_b8c8_c790c6d8aa3c,a7f57755a3d6565c9317cf1b15c89f5d,1530101360,1530101467,"ClusterInfo": "{"ps":{"count":2},"worker":{"count":2}}"
20180627230107b2360cdf_e901_4c30_bb8a_008044e12ee2,16729a13e204947aef7c18329980f6ce,1530111667,1530112285,"ClusterInfo": ""
20180627172128a6426f80_129b_4153_aee2_44c517c49e43,052ab4d45c106c5c90119dad23fa2442,1530091288,1530092210,"ClusterInfo": ""
20180627201220a767bc57_a5b6_478d_8a1f_be67bc033d6d,ce49cdaccec7ecaf967be65b6d4853e8,1530101540,1530102034,"ClusterInfo": ""
20180627174855fc424d6a_9310_4d51_88e7_f2386258e987,b2d28bb84d0f954119b4b6be97e78d59,1530092935,1530093548,"ClusterInfo": ""
20180627211733a6aed0f3_64ce_4a3f_b78c_2859189334ca,fefea6dd23916d8be05d1e713d0214fe,1530105454,1530110675,"ClusterInfo": ""
20180627191452cc0d924e_016a_447c_b053_c46b8d2b26ed,897e3527dcf0555dffc2d1ac2fdfd0b9,1530098092,1530100556,"ClusterInfo": ""
20180627195653eec30777_5df5_4d6a_9179_105b33c217d2,63d55cdf0f262a363088ea07beade78a,1530100613,1530100713,"ClusterInfo": "{"ps":{"count":2},"worker":{"count":1}}"
201806272159546cff7286_6a71_4787_950e_3fc44b735d3b,d3399605fe6d34dca6c82583d4f37a44,1530107994,1530108111,"ClusterInfo": "{"ps":{"count":2},"worker":{"count":1}}"
20180627220634168cfb4b_d7e8_49e8_9cbc_b3f58f63035e,f3e4cc05629b7f43790732b6e8377abb,1530108395,1530109816,"ClusterInfo": ""
20180627225948362ef176_4a1f_4bd4_a9a7_de0804e69e6b,8075e43a2c9b43ea7d6ba0a01a0534f8,1530111588,1530111827,"ClusterInfo": "{"ps":{"count":2},"worker":{"count":3}}"
201806272301140b22ec14_8d71_4b39_972b_06070ff7b40d,b45f9c4be414b88987088022754d944a,1530111674,1530112324,"ClusterInfo": ""
20180627180757af8466bb_6ab5_461b_844d_ebabf1709cc2,87e07b51c6446c2e182aa7868ecd717e,1530094078,1530094861,"ClusterInfo": ""
20180627175548f81ac3d0_5365_4ac9_96ee_1e53158c328d,6234356b463f1189bb39c093bcd556e7,1530093348,1530110118,"ClusterInfo": ""
2018062719163698039af0_23fa_4fc4_8fe7_642e99de6aa7,ee223b02541abf1415d0e2df33fa0cb4,1530098196,1530102406,"ClusterInfo": ""
201806272246544c5a738c_0807_433f_a4a9_5914e54c2ad8,5fd072e38a68c4d9203c541b94c17cc5,1530110814,1530110858,"ClusterInfo": ""
201806272044466d87ee2d_0871_4647_b63b_c0a3b9357862,9a917192e97480c3f5a224866810bfe7,1530103487,1530153791,"ClusterInfo": ""
201806271737352c64a90f_6dc3_437a_90cd_7148e7745144,04eb8572dd403fcb9aa4972478676ee8,1530092255,1530093210,"ClusterInfo": ""
20180627180753b8b78c4d_97ab_4bb8_9ec3_13117b6a505d,3b84546f0381d26ee03417aac747c9aa,1530094073,1530094622,"ClusterInfo": ""
