201808181510080feed6ba_312f_4693_915e_1568e9b0102d,ae02902aa1f04bccd8d536b371d040f4,1534576208,0,"ClusterInfo": ""
2018081810012777dc506d_03c1_4d2a_bb45_fb814223b61b,91202ac57087ca2728f63fdb9c512220,1534557687,1534558835,
20180818151148443fd201_a977_4e2e_aa61_a0e1cb5df54b,1eda5978ba89932213b7b4d4db94d4ac,1534576308,1534595868,
201808181345426b1f0be7_bf1b_4555_bd34_305b6d9506c9,d39d1564de3ddf324fdac7657785a241,1534571143,1534580609,"ClusterInfo": "{"ps":{"count":3},"worker":{"count":4}}"
20180818120810d0488992_73e4_4100_94f8_245f1f16caa9,a9561cfc98910e675b0ce903899a0515,1534565290,0,"ClusterInfo": ""
20180818060018d78872bc_7b32_4069_ae16_a7c10111e093,abc63949b4d3acdbf0aef9a9f3a619ba,1534543218,1534543848,
201808180641259c64a473_3275_4dee_b1e1_37dec38919ac,772621855c2fb4e56a39c3d0d1a13b91,1534545686,1534571280,"ClusterInfo": "{"ps": {"count": 1}, "worker": {"count": 1}}"
2018081807100641238218_3a49_44d1_9701_33a0dec0f75c,fa0d63c71ccb41684ff081e33518dd73,1534547406,1534547552,"ClusterInfo": ""
201808181353417c660f8d_b6b9_4304_a20d_82b518d1e812,6c9f03fd55ffccfe31d80b2c4ba2b4f4,1534571622,1534572224,"ClusterInfo": "{"ps": {"count": 1}, "worker": {"count": 1}}"
20180818070625d0722e1f_c141_4fb5_8dff_791fa2719bb0,fa0d63c71ccb41684ff081e33518dd73,1534547185,1534547324,"ClusterInfo": ""
20180818113857fb4f1786_2a7a_4fe6_85b4_14d339991208,8bf7b2e6b8396c60fb959d25ac8505b1,1534563537,1534569190,"ClusterInfo": ""
2018081806061777dbb8b5_5c84_481d_95b6_c777e63a6772,c3bf4ca4ae35a163cd5af2d1b91752ab,1534543577,1534544975,
20180818110451b46476b4_33c9_4394_8130_584d973e2293,3fce58d94585a78af8e4ffb958b443ef,1534561491,0,"ClusterInfo": ""
2018081814190548950a59_b54c_44f9_87ab_4ca79b9af145,6ccf5869152df78b3ebbfedd962ae43d,1534573145,1534573335,"ClusterInfo": ""
20180818083311d6d27950_fd3e_4cf3_ae73_0b91c8316b5c,b30d1fa9281c906b6a4cc67de2d4c024,1534552391,1534554851,"ClusterInfo": ""
2018081809104460caab23_8474_4534_ac25_378aaacc473f,998f3fab342240670313cfc95dfb4a0e,1534554645,1534559046,"ClusterInfo": ""
201808180512211d7405fa_714a_4e21_9ca0_ef875565a272,f975633ef1b02953a6367510f7834bdc,1534540341,1534599837,"ClusterInfo": ""
20180818121842d0d76598_a955_4e17_adf8_558dfdc22d1f,24a605342f35f178226305614e946930,1534565922,0,"ClusterInfo": ""
20180818115533dbb64558_5abb_466f_b099_fa02c82c7288,f91fad85fc0c54f63e94fe0f7956704c,1534564534,1534564646,"ClusterInfo": ""
20180818130739b15792ad_14e8_40c2_90cd_d0a3df436a08,0c6cec5b120f6fd20254a70e60d02709,1534568859,1534569011,"ClusterInfo": ""
20180818105219c10dfbc3_ff36_43e9_87fb_fbcb32b919a0,58977f9f57dfeb3461f7decde652da37,1534560739,0,"ClusterInfo": ""
201808180045378ca04962_381d_47bc_a047_bdeadd82c8a6,e6e9217bff429d9a843c1f17238630e4,1534524338,0,"ClusterInfo": ""
201808181145253dbc8509_6a66_44bb_849d_74a5f5fbd9db,1d981e1668efdd6f779d349395817f7d,1534563925,1534564214,"ClusterInfo": "{"worker":{"count":20,"cpu":400,"memory":4000}, "ps":{"count":1,"cpu":400,"memory":4000}}"
201808181226084d0dadf6_b05f_4fb1_afc9_824b27097529,45f3d5c6cd796de4058d4c8ccc00cfe2,1534566368,0,"ClusterInfo": ""
201808181044041bc9f302_d351_4e9a_814d_3cd4587e637b,52f0b2ce0b4af86126f3798359d91e92,1534560244,1534560600,
20180818120457a07ce3d3_16f2_4de0_93ae_52597bb7ffbc,25c8f44683f0f74c3285b207a59acaac,1534565097,0,"ClusterInfo": ""
201808181426448db12b1d_5198_4b4e_a03f_46e9ca3fb436,cf65ac80c14cc5dbc2f4ae7bf2eec6ed,1534573605,1534573884,"ClusterInfo": "{ "ps":{"count":1,"cpu":600,"memory":60000}, "worker":{"count":2,"gpu":100} }"
2018081813472594ace45f_e741_413e_93d6_fea34ca03edd,0aac817ac3cdf5546a1d018ecfb9a07a,1534571245,1534571577,"ClusterInfo": "{"ps":{"count":50,"cpu":100,"memory":10000},"worker":{"count":50,"cpu":200,"memory":10000}}"
20180818045222c972761a_e36f_4bfe_a05f_7d6e82e950dc,736b84aefc9c2c6e1245d522747f835e,1534539143,1534577658,"ClusterInfo": ""
201808181010544a3c41bf_c906_4935_a0e1_47deb2fb3a51,91434775d460eb839ce83b413010606a,1534558254,0,"ClusterInfo": ""
20180818142635a7ebcbe4_a9b0_48eb_ab46_00d5f56f8186,6ccf5869152df78b3ebbfedd962ae43d,1534573595,1534573767,"ClusterInfo": ""
2018081815105145be7196_0e29_4e56_ae57_ff5f97188920,6ccf5869152df78b3ebbfedd962ae43d,1534576251,1534576547,"ClusterInfo": ""
20180818143921a3ab9b4b_0e39_4108_b125_8555d9d17a97,6ccf5869152df78b3ebbfedd962ae43d,1534574361,1534574540,"ClusterInfo": ""
20180818121535715b5f3b_0ba9_49b7_9697_0f8927c77528,ffd3f236f2a7734960578bb86b738884,1534565735,1534569305,"ClusterInfo": ""
20180818134125b9fc848e_e78f_4265_8750_b54f3805f77a,1bbefa6bd7c46bef5a9903192514c1ba,1534570885,1534571196,"ClusterInfo": ""
20180818083510212b92af_5c5b_496c_bc7f_febb9515dd77,80210e18f75ee72ed214c5b7a52fbad1,1534552510,1534569519,"ClusterInfo": ""
20180818044839bfa4a752_ffa1_4285_9ba7_983e49483982,e3b0388f2ad8e66a29d027e6f8d9770d,1534538919,1534591816,"ClusterInfo": ""
2018081812311738a94ebd_d590_4e42_946a_0da326227577,a1afa277d3bdace9119c1ff19b40f66d,1534566677,0,
201808180656022eae8aa6_3913_47f9_b791_0784326bf0ca,cecd96f4d5de41f647cbbf49c26a3b27,1534546562,1534552863,"ClusterInfo": ""
201808180540483fe3de33_55ac_4af6_9687_c9e2c544290f,4e0bf0349857ae07d37a8571948bc6de,1534542048,1534610021,
20180818061502fe76308a_e857_4966_9a71_7858dc576aa7,3e0cccfab401c0cf2095c038dce4baad,1534544103,1534549142,"ClusterInfo": ""
2018081810464414764e3d_4ab2_4c1b_9b10_624f91fa0136,a28f5462c424551f5a47ccf245f49b15,1534560404,1534562325,"ClusterInfo": ""
2018081805043722927894_4316_4a7b_9979_b5633fa441dd,bead7016bd4c9db4feadd63745edec55,1534539877,1534540136,"ClusterInfo": "{"worker":{"count":20,"cpu":400,"memory":4000}, "ps":{"count":1,"cpu":400,"memory":4000}}"
201808180831276ea909a8_4063_432f_8676_036a857dd651,623d12b99a9239011bf590095e111672,1534552287,1534552567,
20180818052513551fbcad_73d4_4ed7_9db3_b1ca54c94bcf,14debcd65b04f1491b34dc51486ff5d7,1534541113,1534542085,
20180818051103a7f12127_e020_4023_8c94_f00eb6344ced,49a10966c78a3697bb91e7a98cd0d0cc,1534540263,1534606530,
201808181030530e2e9dd1_7161_453c_9d74_1cb9deb70c8c,8a54e3a4b2160e2ea9b961bb4d6a02ce,1534559453,1534562110,"ClusterInfo": ""
2018081800535142cff090_8a05_4825_834d_cb66534a819f,d784f9b622896e4ac68e0f5d0ffa91ac,1534524832,0,"ClusterInfo": ""
20180818022903a50d4255_4058_4a4c_b8c1_5283ee7f3fc3,a8728ea9199e09d56ebd99e8b81d3e4d,1534530543,1534534398,"ClusterInfo": "{"ps":{"count":40,"cpu":1500,"memory":15000},"worker":{"count":11,"cpu":1500,"memory":15000}}"
201808181132327140f5a7_d421_43ef_8c02_e3ba933a23db,8d0ab37c54caf32fa031cd57b78eff99,1534563153,1534563311,
20180818122659857f223a_2feb_4ed4_90c5_49649e58117d,24111140aed3699e3bde29a4b889e325,1534566419,0,"ClusterInfo": ""
20180818101132ba8a8465_de4d_49e4_8df0_7ea4bf2f050b,55f14f030faf09becf057694855eb8f5,1534558292,1534565067,"ClusterInfo": ""
20180818101351ba30158f_642d_4ef1_a633_1ef03874246d,d784f9b622896e4ac68e0f5d0ffa91ac,1534558431,0,"ClusterInfo": ""
20180818025957cba962be_ff9b_4e69_8421_0af2b8390c2e,a53623c0f381238138622fb9857bda79,1534532397,1534534478,"ClusterInfo": ""
20180818124955289b22f1_68b0_4047_ba46_3804a65bc592,88e96e5d5d5a8697beba52de3d237472,1534567795,0,
20180818111036ce349fa8_6443_409e_8bcc_b477337f0cc8,569019f0099f1e0ea0a7f324945cc811,1534561836,0,"ClusterInfo": ""
201808181428402c9dd492_c6a6_43d8_977f_49bd42c2343b,ff32d0bc2c584c698f8facb4918006a5,1534573720,1534574945,
201808180656030159398f_0c46_45bb_ab1d_c04cfd137f9e,875ec0f6afb4f8ac3b3a05ecb513d514,1534546564,1534548111,"ClusterInfo": ""
20180818134707ac4d1685_7052_497a_81f0_cc04330e555c,72b26db184a7d9ad5e87b14860b8222d,1534571227,1534574329,"ClusterInfo": ""
20180818064112f1999a57_9840_4fe5_a9b0_543d02ca8bde,490dcf6659e431c0fc3fa1fed99197c5,1534545673,1534551691,
2018081801061685f00e5e_362b_4386_8d37_9c761db94f77,d784f9b622896e4ac68e0f5d0ffa91ac,1534525576,0,"ClusterInfo": ""
20180818050400418e7605_7a57_48a3_a099_079c2cac5aa3,2661520708a77b97ea245c5959f19d81,1534539840,1534577631,"ClusterInfo": ""
201808181516534a19e1c5_b0a6_4ba1_8240_e5d199dddfda,3ff02b2861b7ee4222564213c3b40c15,1534576614,0,"ClusterInfo": ""
20180818071618ce7d4e93_79ab_4e81_bde0_cbd84017c705,fa0d63c71ccb41684ff081e33518dd73,1534547778,1534547920,"ClusterInfo": ""
201808181420164aac8b9d_2b1c_46b2_a490_7430fbe7e0cb,8b1903faa555da0001a987745f38f5d8,1534573216,1534573537,"ClusterInfo": "{"ps":{"count":50,"cpu":100,"memory":10000},"worker":{"count":50,"cpu":200,"memory":10000}}"
2018081806351185b6bc0b_fb80_4ae3_8f9b_5da6d72cec9b,4dbbb74afe3a2ba3901be8ab80fa73f5,1534545311,1534546462,"ClusterInfo": ""
201808181456279d6ebd64_1308_4b6b_8909_521b1cf3ca52,e0a4cccc67e3b086cfbbafecb8a80864,1534575387,1534575800,"ClusterInfo": ""
201808180336188bf58145_a342_40fe_91cc_5d73ff74f987,857a62c8ebd566d8cce74547634134e2,1534534578,1534538506,
20180818082704ba4e883b_e7d6_422a_b291_307143d2e8b3,6b2c07dc675bc455e503b45c27b5e000,1534552024,1534552333,"ClusterInfo": "{"worker":{"count":20,"cpu":400,"memory":4000}, "ps":{"count":1,"cpu":400,"memory":4000}}"
201808180340439780201d_126a_40c8_91e4_b476d2df6637,80b9615e446fd5ba5e6bcca509ddb2e2,1534534843,0,"ClusterInfo": ""
201808181130354797f23b_3c54_4d63_a474_576a8c5f0c1e,983b2dfc10e13c722f66c6c240cff535,1534563035,1534563085,"ClusterInfo": ""
2018081800253481511a26_618f_42bc_ad44_e26f462aa30a,04862c70c4a2206473e8fa970e66d3f4,1534523134,1534523537,"ClusterInfo": "{"ps":{"count":50,"cpu":100,"memory":10000},"worker":{"count":50,"cpu":200,"memory":10000}}"
20180818140406422767ab_baaa_4005_b2d8_18703962143b,c74098be112712f7fae884909289f1c6,1534572246,1534578703,"ClusterInfo": ""
20180818110841cac940bb_4163_4be8_816b_b099d2dd2e1c,815e1fb671b7191a4045cd9731a3c640,1534561721,0,"ClusterInfo": ""
20180818094725e74702b4_3e48_4883_a28f_052b2998b3a0,c0bdb302b82c4d31268fb8ada9e5a2d9,1534556845,0,
20180818111904efeb96f9_487e_4e30_8757_1263cfa467fa,4791c820b8384c418e666396c13c1ad8,1534562344,1534564304,"ClusterInfo": ""
20180818032640f9f62aaf_7239_453d_8da4_e89c69a0ad6a,ac47fcf13e3c212ecf82e7ce931ec1b5,1534534000,1534541633,
2018081804443898b2df07_d722_4a05_bbfe_01bcaaa167bf,faf90f49c1659cce4b2288874d061a63,1534538679,1534539228,
201808181327144cdbfd49_7751_4b94_8867_a505ea2d2879,c4963cffdc52fe8952506854dbdc3780,1534570035,1534575722,"ClusterInfo": ""
201808180540586978f3e1_193b_48e8_8c0e_499375ad451d,6414648876d849379312adf1bfaa5754,1534542059,1534542402,"ClusterInfo": "{"worker":{"count":20,"cpu":400,"memory":4000}, "ps":{"count":1,"cpu":400,"memory":4000}}"
20180818101758839e5e9b_df4d_4b43_9b09_a890e267a439,845cec2cb047872acb84f285a34fd27c,1534558678,1534603790,"ClusterInfo": "{"ps":{"count":1},"worker":{"count":8, "cpu":2300, "memory":50000, "gpu":100}}"
20180818153109b411a501_b352_431b_ba5e_ec2c82b2475a,6ccf5869152df78b3ebbfedd962ae43d,1534577469,1534577929,"ClusterInfo": ""
20180818002640f4dcffe8_2178_43a0_976d_18e7f4cd0ce5,dade45322dc9ef11106f89d7392631ce,1534523200,0,"ClusterInfo": ""
201808181333536f06fe2c_7a46_4efd_80bb_340e4019252c,6753f993bb5e2ca6c6b7e8417f657a93,1534570433,1534570613,"ClusterInfo": ""
201808180823025d715704_5f30_4afa_8c15_8a535ebd1c4d,6ff9b1a7461e885338a4b3f441088dd4,1534551782,1534573314,"ClusterInfo": ""
20180818114335e93cbbfd_e8dc_4824_82a3_5d7cb0a51274,62b8459e23cd49b5d94268093ce0913c,1534563815,1534563868,"ClusterInfo": ""
201808180112457fe169d0_635c_4494_b083_7c73698a9abc,91434775d460eb839ce83b413010606a,1534525965,0,"ClusterInfo": ""
201808181348050bed38d3_a2bf_44df_b46b_a73c38e38ae8,cbe3bc79cdccb36b23560ad5dad7bcd9,1534571285,1534572067,"ClusterInfo": "{"worker":{"count":20,"cpu":400,"memory":4000}, "ps":{"count":1,"cpu":400,"memory":4000}}"
20180818063308794008f7_c92e_45cc_b54d_9ac1fa81f14c,e9d5ea8c2e21c86860372ee6fc38c6ca,1534545188,1534551213,
20180818120457d33bcd6b_1331_4b1b_9bc4_4c8649519df4,6f8a351a2e3a15e6db33c05696822d3f,1534565097,1534565147,"ClusterInfo": ""
20180818114542eb2bc52b_5523_47c1_b957_b51d20001675,31d67781527dbce81f017fc59de193a0,1534563942,1534564094,
2018081812250275aeb524_a846_4a55_9a0c_0359b692d9ba,0d03da83a3c334611c88f7feb1c1f155,1534566302,0,"ClusterInfo": ""
20180818051219f0ad6094_af27_4fa5_9122_83ff209db8af,e42fd2135919750553e18c25633088b0,1534540339,1534577634,"ClusterInfo": ""
201808180433402723abf7_dcdf_4000_9bed_7dd49a62fd23,9946814e0c5d4611a1860a5ac51c654a,1534538020,1534538134,"ClusterInfo": ""
2018081810091102cab687_4f26_459b_84b9_b7bac58c6f56,d784f9b622896e4ac68e0f5d0ffa91ac,1534558151,0,"ClusterInfo": ""
201808181216275af3d97f_3e38_4577_9cc7_1e10cf6eadb3,e5b74c02a6abf762363e39f909244a10,1534565787,1534565842,"ClusterInfo": ""
20180818105306560716d4_19f7_4b20_b7e6_6c094cd876d3,52f0b2ce0b4af86126f3798359d91e92,1534560786,1534561143,
201808180656466afb586d_de01_4dac_89f0_64c82da99227,fda119e4bfc481c41b00555b2ebcbdbe,1534546606,1534608142,"ClusterInfo": ""
20180818121532a34c124e_08c5_4420_92b3_1d503685f105,0a83e77aa65fe17d7b41f133dfff5937,1534565732,1534568855,"ClusterInfo": ""
20180818153443315e23ce_8712_4da5_9ab3_4027c7c77fb8,57fcba9eeac1a9bf4cd953635d3d12fd,1534577683,1534577939,"ClusterInfo": "{"worker":{"count":8,"cpu":200},"ps":{"count":1, "cpu":200}}"
2018081815544772e171de_8562_4891_9411_e1f297a35525,6ccf5869152df78b3ebbfedd962ae43d,1534578887,1534579653,"ClusterInfo": ""
201808180922337de6199b_9bd7_4bee_913f_cc4461729f10,3c9c0d85b1d6aff6a73871218fd4cf72,1534555353,1534571025,"ClusterInfo": ""
20180818153443aa3b37de_ee2f_4802_be8d_7e1ca516f293,04a7dd02e6a4e3ca45e3c03a9314b166,1534577683,1534577907,"ClusterInfo": "{"worker":{"count":8,"cpu":200},"ps":{"count":1, "cpu":200}}"
20180818073532c81221e0_6f3b_4b47_89e9_9fb39daade69,38c3cb9aac968fe307c09c29c9d68316,1534548932,1534565139,
20180818052531a3191305_5449_467f_ad87_eaf673d5b569,c6255b673036a33b8d4fe4e6ca8b07f8,1534541132,1534542562,
2018081804352939932125_3556_4ea2_a6ba_2072fe5ef806,322827d6a8895e0484a1dc6c8434e158,1534538129,0,"ClusterInfo": ""
20180818000921e0b419be_9727_4692_bc19_0dee33ac907d,08b22b0cd66aeec3a941881449508082,1534522162,1534522736,"ClusterInfo": ""
2018081814284144c5284c_fcb1_4ff9_8235_c60c91df5c01,2ad664f08d21c4896b98870f654bc434,1534573721,1534574902,
2018081812194782a2fcca_9fc0_4b0a_a9ec_b2b1291ee459,80149c9b54bfea421698d40f7e452f45,1534565987,0,"ClusterInfo": ""
20180818044732aa3505a1_ab2d_47cd_b9a2_e097fd2b10ca,dc096772744d49647cad6bf65715ec73,1534538852,1534539320,
2018081809472771f3dbec_dc66_4d96_a042_f26ea78b1921,ce703484c0fe35dcc582fcfdc1d93157,1534556847,0,
201808181212092f336c98_f4bc_45b1_879d_34b116342ccd,a5a44a7e49745f714b08c1fffa5be383,1534565529,0,"ClusterInfo": ""
20180818145021accb2a98_1aa2_45d7_910a_0d112a29f1e1,9211c421346c53e3ac58682e12a65c8f,1534575022,1534576081,"ClusterInfo": "{"ps":{"count":50,"cpu":100,"memory":10000},"worker":{"count":50,"cpu":200,"memory":10000}}"
20180818134334d173c82b_7d11_4d90_84d3_d7adb27ad607,e0751b2ee5159eefde97c659523bf8c6,1534571014,1534572242,"ClusterInfo": ""
201808181209229cc78af1_ea54_4608_acb6_fb8d3f89a675,4a9329b782022ae8d13abc22b5ef9d29,1534565362,0,"ClusterInfo": ""
20180818083753369ba0e4_13f4_4800_ac1a_d985e4901d73,6c8b712e6f92e84ec8c3363d8ec3964d,1534552673,1534569829,"ClusterInfo": ""
20180818044215535f307e_6373_41a5_81b9_a2df9b6fe1e6,0c43a10c13fb2b17a011f25dc35ff8b8,1534538535,1534545011,
20180818105418b2cb47ca_c84d_44b5_8d29_85a8f389a408,ce16c23bfe99f59d765d31889150c407,1534560858,0,"ClusterInfo": ""
2018081812212159645658_7627_4bdd_b63e_fce210ea9cc0,ed193c34bb3fa8beff64471d66e9f60d,1534566081,0,"ClusterInfo": ""
201808181103024c498088_cee9_4d57_b789_b921cc4bed79,7cfdaf57d7e7f048b31d7bed59dceff1,1534561382,0,"ClusterInfo": ""
201808181514165792944a_85cf_4ef6_a9bd_4f5d96494e10,2386c5b25660b8b4e263ba2fcacf80e8,1534576456,1534576784,"ClusterInfo": ""
2018081815344420530dd5_6f8d_4ef1_9dc9_4a014117ae3f,860d388d5c8e5f39484e7ca3fa7e2f14,1534577684,1534577977,"ClusterInfo": "{"worker":{"count":8,"cpu":200},"ps":{"count":1, "cpu":200}}"
2018081810415666fbe1a7_9def_4b3a_82e2_d3fb9792a8ac,84f2c7770a4ea5bb3e033d8b03723d12,1534560117,1534560541,"ClusterInfo": "{"worker":{"count":20,"cpu":400,"memory":4000}, "ps":{"count":1,"cpu":400,"memory":4000}}"
2018081809403477ebce02_8dd7_4708_a4ee_b3d1d71054a5,91202ac57087ca2728f63fdb9c512220,1534556434,1534557513,
20180818045107de72b0f1_fd9b_4bba_9f89_4a99969323b5,3b6e0ce902e0fd17a4867904eb81ae1a,1534539067,1534598932,"ClusterInfo": ""
20180818120629625e7ec5_2abc_408e_af69_260e0146bc1d,68396c3d84373f67822d9ca55e64dc51,1534565189,0,"ClusterInfo": ""
20180818003744fed3d154_b8c9_4358_940c_ee99714dbfe3,ee21750f5ffb69a7e4354f330352d7c3,1534523864,0,"ClusterInfo": ""
20180818123458cde3e6c7_ec79_4ff2_bd15_9c780213a947,5a0490ef46689a166127b7534c9eb5c2,1534566898,1534570525,"ClusterInfo": ""
20180818010921812a03a8_b9ad_4655_bfc0_44fa7e65524e,91434775d460eb839ce83b413010606a,1534525761,0,"ClusterInfo": ""
20180818070329b662de89_6e86_4b2f_9f41_8c96048abf4b,b78d36f9436d962479295eff6472ae32,1534547009,1534547141,"ClusterInfo": ""
2018081814022956965de4_598a_4451_8f4b_fd9843dc7095,8d8ebf4c7e3d26e808bb094f20b53024,1534572149,1534578185,"ClusterInfo": ""
20180818143507e4120d6d_a4e0_4b3d_aab5_82efe4a8f7ab,a3d118ccd88c872e3c370e167df18395,1534574108,1534574853,
201808181530356d018bec_e17e_41f2_b7bb_70c3c6975bdf,d3ad9bf579cf35282104390b8f674cc1,1534577435,1534587093,"ClusterInfo": ""
2018081808230274797a4a_037f_4eea_aec3_888929ba205b,2aee770f13dc7e004566c397ca56f593,1534551782,1534572257,"ClusterInfo": ""
201808180008435c4e1dd6_c113_4dd9_a18a_25dcdd579d36,362256d4ae2cde4d5fbc332ca1ecc832,1534522124,1534603034,"ClusterInfo": "{"ps":{"count":1},"worker":{"count":2,"gpu":50}}""
20180818045217a67c7039_4473_4d02_b5db_5597f848b469,08b47fbab1a413bbe74bfde2fefee05d,1534539137,1534577659,"ClusterInfo": ""
20180818111907c5b96ee4_6ce8_4fd4_9156_315db6fb8a91,aacc738900a7b6fb661f9346b6f7510c,1534562347,1534564379,"ClusterInfo": ""
20180818131415e652a34c_e36a_44ce_b2e6_5a61d8021218,4651a6e7f42e7825d71b18eebefb6fe1,1534569255,1534600713,"ClusterInfo": ""
20180818034905da3c5a1d_b9cb_418d_a178_cc4e4b56f984,39d65f26faa14eac0eb9f9ce39eb1d97,1534535345,0,"ClusterInfo": ""
201808180453487ff43513_51e3_4071_a758_c81238a336a9,4e03f354a84a3aeeb14ac28ec854280f,1534539228,0,"ClusterInfo": ""
2018081814481763077d9f_fc53_4649_b47c_99307346e8fa,dfca0126e7cbd2fe29ce62f2f91c44a5,1534574897,1534575228,"ClusterInfo": "{"worker":{"count":20,"cpu":400,"memory":4000}, "ps":{"count":1,"cpu":400,"memory":4000}}"
20180818121750b9753b95_b143_4a4a_a14e_cb0fa05d09c7,700ef56c3d35f36d752a54be25d81e52,1534565870,0,"ClusterInfo": ""
20180818041305222f7734_0733_49fd_9474_2b59a78dc6c0,1ad52b0816cb06b6f5f4d57af3784ee5,1534536785,1534538347,"ClusterInfo": ""
201808181013045ef2a3f4_c108_4555_b0f5_1d4d29af02a5,91434775d460eb839ce83b413010606a,1534558384,0,"ClusterInfo": ""
201808180118107e90bd00_9e17_4ed2_8f10_dcf8b4e1cd3d,e975047f82bf88cfdc1261f43cb0d157,1534526290,1534528733,"ClusterInfo": ""
20180818114028e7b069ad_45a2_4d6d_94e9_b540f1e8f8a9,661d80f6ea4698a35adf35a52fea0e15,1534563629,1534566868,"ClusterInfo": ""
20180818094726dd90f3ff_084d_46b9_bd39_f1431c638689,9db9c4cbb9173461b04f1de70eb6eb40,1534556846,1534559395,"ClusterInfo": ""
20180818111904cb23115c_c038_43a1_bde9_e58a37fd660e,1d6df41e6a293e3be730d6cb3fd010da,1534562344,1534564483,"ClusterInfo": ""
20180818064759c080812e_e441_4980_9ea1_c994a8a206ea,4739a4c3981e6bbb44a289e33bd98827,1534546080,1534553260,"ClusterInfo": ""
201808180440568bfea1b1_d6af_4d8f_9903_532a14f85d8f,6c5c33579b354d2661cc5d765aa92d1e,1534538456,1534539160,
201808181527244821c025_e626_407e_9629_06b78f4a4c37,97494c47e35b3ee51fa47c65d32b0c72,1534577244,1534577469,"ClusterInfo": ""
20180818002529de371d95_82ac_468d_8d2d_6fc00353a337,e10469136e9bddbebc282e876426cdcd,1534523129,1534524663,
20180818102320ac4dcda9_0126_43c1_b50e_6ecb022405c4,91202ac57087ca2728f63fdb9c512220,1534559000,1534560036,
2018081814273747190ea4_abfa_4eef_a23a_5082ef8e4f26,973893cddbe0f90c96f095292b69f848,1534573657,1534573757,"ClusterInfo": ""
20180818143111c375d7ba_f7a7_45f3_9c47_9039d5e681e7,15b07b928554086a61e177198ec00244,1534573871,1534573964,"ClusterInfo": ""
2018081812222253686d16_bf6e_45e4_9e30_75eb3dc8019e,0b4302a2e5aff8340188209013313e9c,1534566142,1534605920,"ClusterInfo": "{"ps":{"count":1},"worker":{"count":8, "cpu":2300, "memory":50000, "gpu":100}}"
20180818021534941ac699_5030_4f47_bd3e_19679fbbd8c5,be8fe6ef44ccb23c292aa796633fe98e,1534529735,1534608476,"ClusterInfo": ""
201808181215328f5d4762_260d_4e85_b346_1ac6765319d8,c4887c57aef54e02509681daa34d8a50,1534565732,1534568834,"ClusterInfo": ""
20180818095118c4eb2a4c_4268_45c6_b253_25f6a7dfab5b,e96f3f532d2f0ddf805d74e33e64e2f9,1534557079,0,
20180818153448a711c4cd_8c75_41da_b783_3e8dbe66e200,09d63eac3ca2946f7bc01cde8273b458,1534577688,1534577928,"ClusterInfo": "{"worker":{"count":8,"cpu":200},"ps":{"count":1, "cpu":200}}"
201808181443100383f5d0_584d_4237_9df5_3183f1899962,6888257e2d9054f58439d61634c092cd,1534574591,0,"ClusterInfo": "{"ps":{"count":1},"worker":{"count":8, "cpu":2300, "memory":50000, "gpu":100}}"
201808180546137862a6cb_af54_4319_a93b_3e37d1590243,8f27838e03138901a3362bde6bc30edd,1534542373,1534544483,"ClusterInfo": "{"ps":{"count":2},"worker":{"count":3}}"
201808180649036dfcf826_0b76_4e9d_878f_70ed19b0dfdc,51d31337565f521e25e5dbf8b72341d7,1534546144,1534564956,"ClusterInfo": ""
201808180053569862a0bf_fa2b_4312_9a3b_4423b8a0324e,0f9a125afe0acd81acd9bbe00b5dc71a,1534524836,1534536878,"ClusterInfo": "{"ps": {"count": 1}, "worker": {"count": 1}}"
2018081812254380847616_fd49_4021_aae1_e3c80cdeadd4,596e3c50dc4e254af97871fe4e2ebb2c,1534566343,1534608745,"ClusterInfo": "{"ps":{"count":1},"worker":{"count":8, "cpu":2300, "memory":50000, "gpu":100}}"
201808181057202f846705_697e_4e1d_b154_97ee2fa80cc7,9688222497f52838241c61cd5be7ec89,1534561040,0,"ClusterInfo": ""
20180818105111320b24fe_2cb3_4098_9298_db43ce25ffd4,6ba3dff87a63e9ca362e38df4aa48852,1534560671,1534561060,"ClusterInfo": ""
201808181102341330c0b9_5e7a_44ff_aa19_ca46f423d69d,ee31507cba1146ba6f938edb5d283044,1534561354,1534562900,"ClusterInfo": "{"ps":{"count":50,"cpu":100,"memory":10000},"worker":{"count":50,"cpu":200,"memory":10000}}"
20180818011220306dc287_5fdf_4ee1_999b_6f2ff7d9ed11,91434775d460eb839ce83b413010606a,1534525940,0,"ClusterInfo": ""
20180818060514ac884002_796d_4a8e_9dd8_81f6d41d266e,e7e232763c5de302f7bd2f78f5c880d5,1534543514,1534569270,"ClusterInfo": ""
20180818031423d4cad5eb_3c80_46e8_af0e_413860289e0a,b1da92947f9abbf895bab5734f66f358,1534533263,0,
2018081802150410853a56_5547_40e8_9d70_31ed8d7ad8ce,bb20913d48b99d9f4d70a398f10b398f,1534529705,1534532366,"ClusterInfo": ""
20180818155648f140cd6b_3525_452c_82cd_90252330462b,5e4f115f557f79c3b87c5177b5a8c9e7,1534579008,1534581507,"ClusterInfo": ""
201808180735260d8d63ea_eea5_4514_a44b_89a9d65b2cf9,9257b38abf221bc2c37aeaaad059f232,1534548926,1534572092,
20180818123906321c4ec2_6515_478d_b704_81b036f31f78,998f3fab342240670313cfc95dfb4a0e,1534567147,1534572955,"ClusterInfo": ""
201808181426482cf0d020_62f0_406b_a394_d1e64493a141,9ea4c7606746131455dbf2bc70b51d28,1534573609,1534576094,"ClusterInfo": "{"ps":{"count":50,"cpu":100,"memory":10000},"worker":{"count":50,"cpu":200,"memory":10000}}"
20180818102249eec415b6_e0dd_4fc8_a3f4_1bc7baa143a5,31282a9fc34bf93bc803e9cb962be732,1534558969,0,"ClusterInfo": "{"ps":{"count":1},"worker":{"count":8, "cpu":2300, "memory":50000, "gpu":100}}"
20180818004622e817c22c_aa74_4694_8304_3c1c06068bd2,e6e9217bff429d9a843c1f17238630e4,1534524382,0,"ClusterInfo": ""
201808180101194ee06b64_9bef_424c_87a0_3664b3988ae3,d784f9b622896e4ac68e0f5d0ffa91ac,1534525279,0,"ClusterInfo": ""
201808181306262f9e36e4_d4fa_44d6_bb94_b3b040399bed,45b29853d46a4f8b444a126116442b8b,1534568786,1534571149,"ClusterInfo": ""
20180818042831f83caf64_0ee4_486a_926b_9a7482cfc7a4,2fe7048615e7e2c92521bd2bb16eb3b8,1534537712,1534545256,"ClusterInfo": "{"ps": {"count": 1}, "worker": {"count": 1}}"
20180818000703b3a5f766_2f73_4202_b306_57318fcb0e32,027ffe0ab2b4b52312b69a68a9e0e3c8,1534522023,1534523070,"ClusterInfo": "{"ps":{"count":50,"cpu":100,"memory":10000},"worker":{"count":50,"cpu":200,"memory":10000}}"
2018081811005584d015d8_36a8_4c24_850f_add3cdaf9c29,5a68607f4e96a04a95a62ec563e1930d,1534561255,0,"ClusterInfo": ""
201808181222275348b37f_f282_433d_9209_f99f560d2bec,f93c07a26ddbb60550e113a5570ffd21,1534566147,0,"ClusterInfo": ""
2018081804161206d21a81_cf09_4292_a01c_88a6838108a4,b2f0c8ff863eba8c8f99c645067f922a,1534536972,1534592688,"ClusterInfo": ""
201808181521395dfbc885_202c_4ed3_9808_37ab226239fc,a4e79b1c090c202d82bf7b46839b3105,1534576899,0,"ClusterInfo": ""
20180818030104828040ca_c627_4041_988f_e5355ffee9cb,7eab90fdee73bb4920269f71e7ce46f6,1534532464,1534532775,"ClusterInfo": "{"worker":{"count":20,"cpu":400,"memory":4000}, "ps":{"count":1,"cpu":400,"memory":4000}}"
20180818132928b6d66a25_d1c3_411f_ae50_f78a5933a57e,4f261853233ecb947676d74ff9fe5d72,1534570168,1534575758,"ClusterInfo": ""
20180818152631e0732387_0b1c_4a42_9874_3a3b2b2e28b0,898208e756687d5a6c46658723f6cb38,1534577191,1534577563,"ClusterInfo": "{"worker":{"count":20,"cpu":400,"memory":4000}, "ps":{"count":1,"cpu":400,"memory":4000}}"
201808180133259cdd5bca_e50b_430b_8ba5_cfc06bb00915,77cc2359c3812f54f84a95c95605cd7c,1534527205,1534529679,"ClusterInfo": ""
20180818043014e75311b7_9acb_459b_b705_cbb83bdf6fd6,bb6a3e2769811fefca880acd77266132,1534537814,1534545406,"ClusterInfo": ""
2018081815344541856b50_afa5_4beb_9074_978a52aa9c7d,9b1d68f01480f57c85730b694ec7cef3,1534577685,1534577988,"ClusterInfo": "{"worker":{"count":8,"cpu":200},"ps":{"count":1, "cpu":200}}"
201808180750424f473056_bacc_4d33_809e_8e1456edcf97,27de81299e50fc3aa36298e49b8dd6cb,1534549842,1534563430,"ClusterInfo": ""
20180818135554bcd142da_3d69_419c_ba7a_886333a3841b,8bdad2ab5611df4e9971c2ca06ae3da7,1534571754,0,"ClusterInfo": "{"ps":{"count":1},"worker":{"count":8, "cpu":2300, "memory":50000, "gpu":100}}"
20180818045652b0b448b2_ae47_44ae_b2cb_ad8d9df5563f,bc42086134ad6e71e1339faf10339da9,1534539412,0,"ClusterInfo": ""
20180818104341b11db5a5_c613_45c8_ae96_0a830cb06a7f,e6b9cab9bca64624ecab9920a0a13eec,1534560221,0,"ClusterInfo": "{"ps":{"count":1},"worker":{"count":10}}"
201808180713143754d9a1_a988_4eec_bb31_7fdc263d1e4f,fa0d63c71ccb41684ff081e33518dd73,1534547594,1534547737,"ClusterInfo": ""
2018081810120647aafded_9e5b_4c32_a2ee_59425736a82b,91434775d460eb839ce83b413010606a,1534558326,0,"ClusterInfo": ""
2018081815031491629cba_14f2_46f1_9c7e_5d2e330e9cfc,6ccf5869152df78b3ebbfedd962ae43d,1534575794,1534576021,"ClusterInfo": ""
2018081811245218ae50f8_69ac_4439_878e_e3842a0469af,fb6c5d5390f2f8a953af348efa3cf4ac,1534562692,1534563073,"ClusterInfo": ""
20180818013234b75b3a72_d63f_4e65_abff_0f9f3da07112,86567f4ea63e05c5b3437d25893730bd,1534527154,1534529684,"ClusterInfo": ""
2018081811402952b7b181_9aa8_4e09_8f11_3e539a940150,5b417b9905066c3bffbcc1b984cb4afc,1534563629,1534563682,"ClusterInfo": ""
201808180505183cdab1f2_c9fe_4297_8e3f_7e142a8ffbdd,02d282a59fa79ef7afb91af97099ae65,1534539918,1534577634,"ClusterInfo": ""
20180818104429f3f78b7d_4e2d_48db_9bd5_dc74c45cb389,e09aa1061551339cf8c8a7ad622bb493,1534560269,1534574961,"ClusterInfo": "{"ps":{"count":1,"cpu":200},"worker":{"count":5,"cpu":1000,"gpu":100}}"
20180818121405e8740540_c8c6_46b8_983f_c8d7a3582141,3784b46aec354b2fca82974caf9073c0,1534565645,0,"ClusterInfo": ""
201808181330246a943374_392b_481a_a084_23995811c217,6ccf5869152df78b3ebbfedd962ae43d,1534570224,1534570372,"ClusterInfo": ""
201808180102396a5688bf_58f4_4433_9d63_a975e72f4919,d784f9b622896e4ac68e0f5d0ffa91ac,1534525359,0,"ClusterInfo": ""
2018081807322352196e11_add2_4137_b26d_c384038dc478,80b20642e6c9768800e9434d70ba75ba,1534548743,1534561866,"ClusterInfo": "{"ps":{"count":2},"worker":{"count":5}}"
20180818151346d89493a2_0136_43fc_b0b9_65aa08a08409,0628ed4b6ea43c69c43d9548a1ba68f9,1534576426,1534606205,
201808180045335814ac8e_4fda_473a_a03b_70a7bafc8d44,8301134adc8f6dcd32c0007cf296e324,1534524333,1534525447,"ClusterInfo": ""
20180818122337fe96b9bf_b289_440c_895b_3562c986812c,eb1f2989f234e4bc116aa702ab555144,1534566217,0,"ClusterInfo": ""
20180818051240e4c583b5_84cb_4882_a219_a8fa13482a71,7fdc4e2b5c36669342312ec09bcf2e02,1534540360,1534577632,"ClusterInfo": ""
20180818143507f0de5dd7_5d27_48d5_ab09_5aaff5488585,61783604915a30cec46f3f807c25ecf7,1534574108,1534574856,
20180818005628c73f2fc2_094e_4322_8bc8_cbf19f4d4984,e6e9217bff429d9a843c1f17238630e4,1534524988,0,"ClusterInfo": ""
201808181518075fa94fe6_e89d_4aa8_ba59_51cc02a14737,d49a8e3eea7b6725020992691e00a92c,1534576687,1534579186,"ClusterInfo": ""
20180818000715fd6f2209_4aa4_46ee_a743_f12e5afbab55,5bf05002c463425087a5e9e5ff078036,1534522035,1534522482,
20180818051241b0e066e8_6e9c_4a0a_ab15_b002aa755d69,2711d7e4c60fefac3a7e4fc5cd163025,1534540361,1534577631,"ClusterInfo": ""
20180818072827e174378d_3526_440d_8e60_be878a04a4dd,dac019b973e5de6c37236323ce3a7e98,1534548507,1534558417,"ClusterInfo": ""
20180818131506d9cabf4e_2768_454e_9ab9_4f5562236e67,c4b72e1aa7376b0848ab6d84181a167d,1534569306,1534569684,"ClusterInfo": "{"ps":{"count":50,"cpu":100,"memory":10000},"worker":{"count":50,"cpu":200,"memory":10000}}"
201808180110529f61a94b_995e_4fce_9f1a_5b1d1b7c49cc,d784f9b622896e4ac68e0f5d0ffa91ac,1534525852,0,"ClusterInfo": ""
20180818121350c864a2ba_edae_4221_ae65_a5a289f68346,0ab1db1f7bb195e074478f05645badaf,1534565631,0,"ClusterInfo": ""
20180818154301cc716b66_d008_456a_9bb4_138f69f09824,d49a8e3eea7b6725020992691e00a92c,1534578181,1534580650,"ClusterInfo": ""
2018081814284129b9327e_4b5f_4ef4_af68_31005acc57f2,76535219a8c51e76c3456c5b7c7a9499,1534573721,1534575153,
20180818033459ff7dc50d_7e8c_4431_a9b5_7644b886776d,302cec5d9e340929a9ecad9380dbd1c0,1534534499,1534536762,"ClusterInfo": ""
2018081813154564719e6a_4fd5_4ad5_b65c_4f0b4dcdbb45,487993acffbf664a0b5e5a9650be445b,1534569345,1534569857,"ClusterInfo": ""
20180818121506f082e34f_3e0f_472b_beef_2c5b94cd8aaf,d73a6717094a845090546701f7aca1da,1534565706,0,"ClusterInfo": ""
20180818063737b694d4dd_e251_4732_bfb3_ddfa21171fc6,04826d24c87b211139e8330409bf4e11,1534545457,1534547717,"ClusterInfo": ""
2018081801592229ec38dd_5baf_4b8e_bf5c_087dd786611f,a53f91c8774069d3a7b473f2419c106d,1534528762,1534531289,"ClusterInfo": ""
20180818154757f4d1d908_f831_4987_a907_268b728bcf7d,81a19ea46a4a726739f4923d40e144a3,1534578477,1534582387,"ClusterInfo": ""
2018081815423890f5e2ac_1938_464f_8adc_5903f8a76ad3,5e4f115f557f79c3b87c5177b5a8c9e7,1534578158,1534580517,"ClusterInfo": ""
2018081811405431729679_18b8_415b_9f5d_7b9d38f9b969,55afd1b4b4c5134fc7becd6009263983,1534563654,1534571243,"ClusterInfo": "{"ps":{"count":1},"worker":{"count":8, "cpu":2300, "memory":50000, "gpu":100}}"
2018081815095132d594f3_f0a9_4761_9eff_cc7b8618adc4,a729a8bb9bcfd246ebf77d71f1cfb9f4,1534576191,1534579634,"ClusterInfo": "{"ps":{"count":50,"cpu":100,"memory":10000},"worker":{"count":50,"cpu":200,"memory":10000}}"
20180818115715847359ba_145f_4e21_9ca2_52484d8c9731,0c04083f067b351dc8d66a9a8d4db943,1534564636,1534564685,"ClusterInfo": ""
201808180335124918047d_a8cd_47f1_89fd_51617105cc2a,4302e8c903a2ecd7010910aedc6971a5,1534534512,1534535822,
201808181502375c4638d4_6750_459d_92e8_e02c5655a615,77ce9a782f065072bd7ff4dc167470b3,1534575757,1534577096,"ClusterInfo": ""
20180818003921c83da056_8816_4fb4_8b33_443c2d5b8e90,e6e9217bff429d9a843c1f17238630e4,1534523961,0,"ClusterInfo": ""
201808180359344c11a0fe_33fd_42a2_809d_d4cce502d405,ff699df3e8ea4bca1f93d8d84a7f0e44,1534535974,1534540211,"ClusterInfo": "{"ps":{"count":40,"cpu":1500,"memory":15000},"worker":{"count":11,"cpu":1500,"memory":15000}}"
201808181010116dce3aba_dc35_4234_8382_625802bb0648,d784f9b622896e4ac68e0f5d0ffa91ac,1534558212,0,"ClusterInfo": ""
201808181109046d0d7964_dcca_455d_a00f_88a5f7e7cd02,9d9c4b6da514693617d8aadfc458541d,1534561744,1534562405,
20180818051013f80d7d5c_6a9a_4b80_a811_1bad2604bd05,b6c01b7611e819d336f9e823eba19900,1534540213,1534594636,"ClusterInfo": ""
201808181534428db95f46_65d5_46a9_97e0_dc3c416a85fa,5ea78fe03b121981d5d9837badc4b94d,1534577682,1534577937,"ClusterInfo": "{"worker":{"count":8,"cpu":200},"ps":{"count":1, "cpu":200}}"
20180818132515068b5a1a_5f62_4a0e_9dc3_20e978821721,070ff76a50dd7a126875e0cc436691c1,1534569915,0,"ClusterInfo": ""
201808181014150df8943d_ca95_44c1_b8b9_b16650eef51b,d784f9b622896e4ac68e0f5d0ffa91ac,1534558455,0,"ClusterInfo": ""
20180818154834e65478ce_f066_44c5_befb_0c947667ff7b,04c13b45720bc5625d97844dee8aee3a,1534578514,1534579092,"ClusterInfo": ""
20180818044655f9cfecfb_2677_4e57_a659_01c72dee24d0,97d0ac800ff5f7b24d0bdad76318f37e,1534538815,1534571365,"ClusterInfo": ""
20180818005922e627eea9_22ac_41cf_9a4d_253aa87fcd6f,e6e9217bff429d9a843c1f17238630e4,1534525162,0,"ClusterInfo": ""
20180818021056d5b6ac61_8e11_44a8_8432_fcb430d9c700,dbee5c611c67a8d0dba66573068b3a6b,1534529456,1534530424,
2018081814261505272a21_7190_415c_b239_42a0c0b6a343,15c53f1723bbbf2d05e2d15b132b4a5c,1534573576,1534574064,"ClusterInfo": ""
201808181253497ec49cdd_952d_47f5_875d_677462830f9a,0012d21af05d5733202a385c90677e09,1534568030,1534568307,"ClusterInfo": "{"worker":{"count":20,"cpu":400,"memory":4000}, "ps":{"count":1,"cpu":400,"memory":4000}}"
2018081811340987754c09_fc6f_4f82_90be_f490ce0fcf41,40e2efc350a839f626496ff2e9281db9,1534563249,1534563519,"ClusterInfo": ""
2018081804533769ea91cb_a453_45e4_a9db_a8e35b760ab5,0cb12f30063d78916dad796ca3a78e55,1534539217,1534599557,"ClusterInfo": ""
201808180452137a59c76f_146f_4680_b0ac_b2d7526b0224,d95a4f5ab7e454f821a5cec2f1e41d84,1534539133,0,"ClusterInfo": ""
20180818010831dfa6c7fc_4ff1_437c_8552_34f6960f42f0,825ad51237b2f899f90caefbb48915a2,1534525712,1534526802,"ClusterInfo": ""
2018081812153005a42be0_9a11_4640_b8a8_8ce3b667cbd8,ca8168e546abaf8a5e54e877baaa3c23,1534565730,1534570410,"ClusterInfo": ""
201808180535297c5991f4_8856_4c0c_8131_d31f9b247e4f,48d5e87b6dc61fc6258617995eb977c9,1534541729,1534593918,"ClusterInfo": ""
20180818034551b5e55aee_64d3_4808_8b8b_25d33c9e1691,5eff8ff299513a1af363b1751659fecc,1534535151,1534536918,"ClusterInfo": ""
20180818071927071d1c3b_9417_426e_9e8c_b35078cbf28e,fa0d63c71ccb41684ff081e33518dd73,1534547967,1534548109,"ClusterInfo": ""
201808181424224d10beb0_6269_41bc_b022_46bd83e3ab43,cd9597aa2eb277b4341f2b5daca99238,1534573462,1534575930,"ClusterInfo": ""
20180818135716585365dc_a884_4b4c_ba04_02649d8391ef,95abbd4af1a3384a066101cc5d144665,1534571836,1534572722,"ClusterInfo": "{"ps":{"count":50,"cpu":100,"memory":10000},"worker":{"count":50,"cpu":200,"memory":10000}}"
20180818043013be70931d_8167_443f_881a_43f76826364c,71e978d385941b7e55ed34838914976c,1534537813,1534544939,"ClusterInfo": ""
201808180113153ceba048_221f_4df0_8802_b3a0f849c482,91434775d460eb839ce83b413010606a,1534525995,0,"ClusterInfo": ""
20180818120211f3af27c4_2e7d_4bef_b668_160e4699cac7,2d627f4f2a5bb4bcc2876d8b1d01ba5f,1534564931,1534564981,"ClusterInfo": ""
201808181112252f09c9a1_329c_4e4f_b8c2_a147dbd247f5,bcbf1fe15818b6a044cb9f9d920bd3ec,1534561945,0,"ClusterInfo": ""
201808180704173bbbb67f_a2fd_477d_9c38_56307bb0b2e5,0987556887c639d9a0ea0552a443ba1c,1534547057,0,"ClusterInfo": "{"ps":{"count":1},"worker":{"count":4}}"
201808181452493dfb53dd_226b_40c8_882a_d016398957e9,d3ad9bf579cf35282104390b8f674cc1,1534575169,1534586999,"ClusterInfo": ""
20180818051040afc8475d_fa32_44a3_a9d7_95d45adb779f,4d7685813d2e1775f827e2d7e3d05bca,1534540240,1534577633,"ClusterInfo": ""
20180818061242aa378d58_1311_4339_9fab_15e2d66924b8,be03f325ff1a7d7de162dd905e1e6ae5,1534543962,1534566509,"ClusterInfo": ""
201808181157448f558d05_8185_412a_910b_006f33f6a7d9,3e53ca3aa7c48ad05c41b8d6753f9dac,1534564664,1534565817,"ClusterInfo": ""
201808181149315d57c18b_67ac_460a_83cc_3a6d932e5f8d,9d819bcbdd987105ce088863226c6ed6,1534564171,1534564326,"ClusterInfo": ""
2018081810551482edae69_af3d_48e7_9710_25cb7c0e775b,427c1d817c58f6eb9214a590d69f8ae8,1534560914,1534571362,"ClusterInfo": ""
20180818053025d73ca3c6_c5cf_4a3f_aa22_671903da2f7e,bb6e0976902d05c90ec2b86095bf0503,1534541425,1534542346,
20180818043334669a77a3_c371_4162_afc0_349bad4005ce,ebaa5a98728790905b964ce1a7848671,1534538014,1534578942,"ClusterInfo": ""
201808180433392576ec6e_eb21_4339_92b4_dd8dc0d255dd,56e89843287e3d9f0f12b6cf05e38c80,1534538019,1534538192,
20180818152452a4791ab2_51c4_41c5_8e64_504b789a3032,4aa5809fe6d071572b9553769d980ff0,1534577092,0,"ClusterInfo": ""
20180818123034243b1e3b_12f8_4141_9a51_202c3eab3188,5e7dc18a680de3d72b9730714fadccb2,1534566634,1534568760,"ClusterInfo": ""
201808180157042790b299_0a59_4f3b_bdac_5f1afb02dae9,0045cb55fffac5b98256ad57cb215039,1534528624,1534528925,"ClusterInfo": "{"worker":{"count":20,"cpu":400,"memory":4000}, "ps":{"count":1,"cpu":400,"memory":4000}}"
20180818054753b1ec0881_0972_4e79_8248_706f7a507983,a00363c4dae48bc1fbc65ffd805b5c60,1534542473,1534542649,
20180818010530c82312a3_5fd7_4f62_a5fb_994dfd29a82e,099540a8a213712f05893faf39409106,1534525530,1534525681,"ClusterInfo": ""
2018081807504220a5cd6c_23c0_4a92_9a48_8bdf75fa7a0e,9659521a0ada7e08cf285caeb0878a19,1534549842,1534563096,"ClusterInfo": ""
20180818071909d104d3ef_2b81_4d06_a964_1e5c872fccd8,3dd966e22c0d6fa4589ce9aedb8d3492,1534547949,1534577563,
20180818125309423e436e_13a6_40f6_a705_963a27502fd8,a2779beeb6b16f484ed9a223efbd9d01,1534567989,1534569144,"ClusterInfo": "{"ps":{"count":50,"cpu":100,"memory":10000},"worker":{"count":50,"cpu":200,"memory":10000}}"
20180818143508ef011588_e967_4066_bfab_bc4cbfc3c45f,a8fec03c38d228fb8a9e4f434e12f0ad,1534574109,1534574847,
20180818145822171300f1_6bb3_4c47_9bd3_2acecd5ec862,b6e1e4a99f6242ebcecd7a6a7e895180,1534575502,1534575763,"ClusterInfo": ""
201808181515466e0a2420_545d_44da_af06_0ef1e94884e7,0467c27154491e85e86d9beb49196643,1534576546,0,"ClusterInfo": ""
20180818085638b9f447a1_8231_4a45_a140_70e56850d5d8,f540d1e9a1fa369cb3ff99dc2575e3d3,1534553798,1534553929,"ClusterInfo": ""
20180818001428dbf3eff3_d258_4521_b37a_d71d5d91bcf2,e61ff1aa36782dc14284ba55b0815e0d,1534522468,1534522643,
201808181321572033945e_8913_429d_9e45_b54ea2871ce0,9a1ad20440e239c88f27799464e87251,1534569717,1534570868,"ClusterInfo": ""
2018081813313218707398_53e7_4bb8_aec7_cfa05c3daf5b,375c49be6cce5d55af7d58fdd876fdfb,1534570292,1534571036,"ClusterInfo": "{"ps":{"count":3},"worker":{"count":4}}"
201808181221123d10933d_aa49_4c01_b803_c199ad489729,ce8f3d71586c928216c27e0f09353090,1534566072,1534566122,"ClusterInfo": ""
201808181013440bb53f5e_494e_4932_a030_e6737b7bd8a4,ee9ad241c0cbfab68271e291519ca328,1534558424,1534560838,"ClusterInfo": "{"ps":{"count":1},"worker":{"count":8, "cpu":2300, "memory":50000, "gpu":100}}"
2018081800115136d60d36_22cd_47cc_acdf_b8aae59ed3b5,15545f60556784d843ef88ea123df7c0,1534522311,1534525005,"ClusterInfo": ""
201808180016487778727b_4ce4_419f_99d7_7d33a2cdb633,b133afe0637c938074db6c9eee573ea4,1534522609,1534529036,
20180818153445f234064e_15f2_4e59_bb6c_ae0c1ac2cc16,45b9d83885f3dc482644547443a380c8,1534577685,1534578187,"ClusterInfo": "{"worker":{"count":8,"cpu":200},"ps":{"count":1, "cpu":200}}"
201808181316100025fa06_336d_4369_8a26_2aea1a801368,d2645779b3bedf2f6ae39752d098eb92,1534569370,1534582706,"ClusterInfo": ""
201808181217552f6f35bd_3474_422b_b5f6_b8d51716dd04,ae22b339ecd6632e17a985ddad644349,1534565875,0,"ClusterInfo": ""
2018081811595444ffe782_9805_4cdf_b66c_9d6f058ed23e,7ff8444157e14f1f87500bb58293c7d0,1534564794,1534564844,"ClusterInfo": ""
201808180045588fc34215_35bc_40f2_a780_9e9ce6373d8f,6ba28b757571ea28678175eb3a8da6e5,1534524358,1534524739,"ClusterInfo": "{"worker":{"count":20,"cpu":400,"memory":4000}, "ps":{"count":1,"cpu":400,"memory":4000}}"
201808181139076523551d_7237_4867_8f82_3431a804d5c4,342f2f9d8b2308853f0153308ba0c0fc,1534563547,1534567289,"ClusterInfo": "{"ps":{"count":50,"cpu":100,"memory":10000},"worker":{"count":50,"cpu":200,"memory":10000}}"
201808181102034ee94f8e_d439_4771_85d5_b0f1fdc8bb8d,52f0b2ce0b4af86126f3798359d91e92,1534561323,1534561690,
201808181203263eccaf2f_319d_413f_a681_0319376d6900,a847250571e5b17dbe178c1000e12d46,1534565006,0,"ClusterInfo": ""
20180818125558c8e7c519_35fb_4d47_98dc_bc7946124751,76cb73e0be7dfd9c623deaff7766d907,1534568158,1534568285,"ClusterInfo": ""
2018081807365224923d03_0e17_4ed8_8ec9_72ac17643585,3e3e6fe48dc8d328b4abf6a68cb09411,1534549012,1534549297,"ClusterInfo": "{"worker":{"count":20,"cpu":400,"memory":4000}, "ps":{"count":1,"cpu":400,"memory":4000}}"
2018081807275897015ddf_0fa8_4617_9db1_d66957fc53c7,127d8504d31e11620fb8ce6a3053cd66,1534548478,1534549266,
201808181217133df4c9fa_3469_4848_81d8_2ffeab0113a9,9459f984a181e0570b30f84a51f800bb,1534565833,0,"ClusterInfo": ""
20180818045418e7893d3b_e2e8_4763_88e7_a4995ca99400,816b793c47d56d0f25e689c5b408267d,1534539258,1534598768,"ClusterInfo": ""
201808180426025230010b_afd6_4e44_91c2_68d17dde712e,99e95019959d6b13d8c8cc82b7a7d375,1534537562,1534541317,
2018081815175066ef5e7d_386f_469a_b8f7_e3790858e237,a05d6cdfefeceb807c2b5e1562734997,1534576670,0,"ClusterInfo": ""
201808180452216b2058f2_cf9d_4d37_9b47_34415bb86812,5703d1b5a71ee529cc55e20ed07e9671,1534539141,1534577661,"ClusterInfo": ""
20180818133522f7b6c844_a0c0_43bf_9904_83aee8a64e63,ab9af34c5e89b0bc19e9d5f8b0267f78,1534570522,1534575797,"ClusterInfo": ""
2018081809321956ffb477_e81f_4efc_964e_dbfe2668f93a,cfc1e1e85adffaf8d1390af62bbb56da,1534555939,1534560554,"ClusterInfo": "{"worker":{"count":50,"cpu":400,"memory":4000}, "ps":{"count":1,"cpu":400,"memory":8000}}"
2018081805230981cecc5c_0d02_4754_9283_c81a46973d8d,98abe20e7e55b508a4b668ccce3f2083,1534540989,1534541158,
201808180832083b27657f_8a9a_46fc_b5b3_8c412b332e46,712cf27f2f47d00919664cd4d0db079f,1534552328,0,"ClusterInfo": ""
2018081804051124839d46_19e4_4fd5_92e0_a88217b0403c,f4434e8cf38e34fc433f904a8674b4a9,1534536311,1534536588,"ClusterInfo": "{"worker":{"count":20,"cpu":400,"memory":4000}, "ps":{"count":1,"cpu":400,"memory":4000}}"
20180818135231229f6a50_0bee_4270_accb_15a0a2d5171b,55afd1b4b4c5134fc7becd6009263983,1534571551,1534579089,"ClusterInfo": "{"ps":{"count":1},"worker":{"count":8, "cpu":2300, "memory":50000, "gpu":100}}"
201808181534470cd546df_2484_4683_96fa_f4e21a1a01d2,27f0fe738d707a4addf9062c2c950669,1534577687,1534578268,"ClusterInfo": "{"worker":{"count":8,"cpu":200},"ps":{"count":1, "cpu":200}}"
20180818151158848efc74_39bb_4838_bc55_7ea4bd5d2ff2,3f1f0df7eb5ce6ccd8248974249e1513,1534576318,0,"ClusterInfo": ""
201808180754118f31af61_072b_400b_8faa_3019e5344a79,0a466b0dfbc74d0e32b15ea4019dd58f,1534550051,1534567366,
2018081801111364d8a349_fad1_4e91_aba8_137e23fd565c,91434775d460eb839ce83b413010606a,1534525873,0,"ClusterInfo": ""
2018081815344399fa3648_854a_4203_9e27_844dc8a4a452,5982177b6195dd502d47953a770d7dcc,1534577683,1534577856,"ClusterInfo": "{"worker":{"count":4,"cpu":200},"ps":{"count":1, "cpu":200}}"
20180818083425e54d4c23_2793_419f_8b7e_0cfe8efa0ce8,dcea4b9b1671a8afcd3e3f22aabdd20d,1534552465,1534556974,"ClusterInfo": "{"ps":{"count":1},"worker":{"count":8, "cpu":2300, "memory":50000, "gpu":100}}"
20180818002039448fa9b3_2317_48bf_8ee7_29077000c4ed,55957fdc643bc785cc10b6ee59a28201,1534522839,0,
2018081801501137119bd2_20f4_4817_8e40_eab23dd167b4,1d53d0f073c46803d762fa23784c55f0,1534528212,1534533544,"ClusterInfo": "{"ps":{"count":50,"cpu":100,"memory":10000},"worker":{"count":400,"cpu":400,"memory":10000}}"
2018081800565228c97282_b709_46e9_91b5_bb3f1fc222f5,5d0f123954326ed9c2a50af83d8dc2f0,1534525012,1534560340,"ClusterInfo": "{"ps":{"count":50,"cpu":100,"memory":10000},"worker":{"count":50,"cpu":200,"memory":10000}}"
20180818143031ff6b85ae_e033_4f1d_afac_453cb0b26398,b6e1e4a99f6242ebcecd7a6a7e895180,1534573831,1534574090,"ClusterInfo": ""
20180818075044358f7f58_ff90_4893_bd13_1600a59ae60e,020a796f0fd1830239366e05cd7dc9e4,1534549844,1534554746,"ClusterInfo": ""
20180818000252b8ff0451_e233_45a8_9511_3501597c9335,945ace421782b78891b18fa7a6209b09,1534521772,0,"ClusterInfo": "{"ps":{"count":1},"worker":{"count":10}}"
2018081815400657acebf8_7b03_47b2_a77a_31f31291739d,5d1f2f6749e610b01ecb5829fb79642b,1534578006,0,"ClusterInfo": "{"ps":{"count":5},"worker":{"count":30}}"
2018081802222303f94b27_a87b_4bc4_8b68_24f38aa0e0ce,d7bd483bea66b10460e16ed4f7614566,1534530143,1534538875,"ClusterInfo": "{"ps":{"count":2},"worker":{"count":2}}"
201808181048105a4c232c_1d33_402b_a61f_831b94cb6f2a,1ded849a3a9920508517bd3dd6dca123,1534560490,0,"ClusterInfo": "{"ps":{"count":20},"worker":{"count":50}}"
201808181048394e898bdf_cf9c_4628_bd2f_3a89746244a3,ac135990671373b3d6fa0b57b77e2a2c,1534560519,1534560989,"ClusterInfo": "{"ps":{"count":50,"cpu":100,"memory":10000},"worker":{"count":50,"cpu":200,"memory":10000}}"
201808180512003fe23738_f6ad_4185_b4c8_e92ed0860eea,02f9506b870c03edbb02ce53afe4c14e,1534540320,1534577632,"ClusterInfo": ""
2018081802415996e579b2_c040_40ef_afdf_308885b060be,f9195439d413568174cd0c3d7a18d61c,1534531319,1534533501,"ClusterInfo": ""
2018081814460607465b1c_d43a_487a_b279_d3f81c89d34e,6ccf5869152df78b3ebbfedd962ae43d,1534574766,1534575017,"ClusterInfo": ""
201808181228121cf8d25b_7231_413c_8c0c_f6a6b9665c70,dfebce8bd28311cf81c15b560c2e5c99,1534566492,0,"ClusterInfo": ""
201808181432057aa93bd5_2e56_42b4_aa88_0086d37a2136,1d1cb2c8a04702d756b47bd0b0a6faf4,1534573925,1534586208,"ClusterInfo": "{"ps":{"count":5},"worker":{"count":15,"gpu":20}}"
20180818061750e9d4dbb1_9985_4670_837d_b58442ef7c16,89f4c7dd560441d63ebf9b7d1ccbabd3,1534544270,1534548059,"ClusterInfo": ""
201808181227396d74c113_ae3f_44d3_a274_0c4a717c94b4,31d67781527dbce81f017fc59de193a0,1534566459,1534566609,
20180818153653ddf44881_d5d9_4aef_86f0_b08bb4095b96,4ddfa5b354843a2e29dcb10b9f200435,1534577813,1534580667,
201808180318446ffeb087_fea4_4aac_b731_a36b31eaf034,bd23547329d6c6b2085401fd5c30ad79,1534533524,1534535772,"ClusterInfo": ""
20180818121039d8a78831_fdf2_49c3_81c7_53ecc6576e40,dad3b977342ca41c7376677bb618452e,1534565439,0,"ClusterInfo": ""
201808181139368b04030b_a363_43ee_8144_477bc182d349,00e215a2e174cba86f237b9b03aadd1d,1534563577,1534563726,"ClusterInfo": ""
2018081805113507b6cd11_9a11_425b_90ba_df77c266fd03,44123353d24695a10ed2dfbdf9209b46,1534540295,1534577635,"ClusterInfo": ""
2018081812361532baa1a2_3cd0_435b_9584_0775815407b1,fe9fd8ba9c3d6535a8546198c2804724,1534566975,1534577820,
20180818155632d088b42b_8c2d_4f9f_98f0_40d3b3609bbc,4e689d9b49528696110fb666bacfee40,1534578993,1534579556,"ClusterInfo": ""
20180818130726dc56eeaa_cd2e_4df7_ab3d_303ad46e1d21,a3da34957912090e1664f94a1d484739,1534568846,1534569650,"ClusterInfo": ""
20180818101101bf2e15af_f5e7_4b56_9d3e_b38568eb6969,ef929741c787e3f4a1df1d65b60fceac,1534558261,1534559642,"ClusterInfo": ""
20180818004918836717bb_db09_4bbb_99e3_787f0bba28d3,e6e9217bff429d9a843c1f17238630e4,1534524558,0,"ClusterInfo": ""
20180818153446cd3aca97_a9c9_4b81_984e_03258f633e97,99b50e0e85d7dd0b82d52d24141ab8a9,1534577686,1534579041,"ClusterInfo": "{"worker":{"count":8,"cpu":200},"ps":{"count":1, "cpu":200}}"
20180818052527c2c6d829_bfb2_401c_ad7c_63d5316ce462,52fd63499252570b01ef690c6756b033,1534541127,1534541769,
20180818122942806fcb8b_f3f9_4036_8afd_b07387a2e709,52cd838711ec4c6f84a861174b140eba,1534566582,0,"ClusterInfo": ""
20180818110710a9b1dd2e_a70e_473b_be58_90595a40e87f,c41013a64c46bb493c7ab34f39ad6c2f,1534561631,0,"ClusterInfo": ""
2018081815344632d359bd_a755_4854_9839_664b676e2407,39452030eab507ba46dfaea40ef9ffd1,1534577686,1534578137,"ClusterInfo": "{"worker":{"count":8,"cpu":200},"ps":{"count":1, "cpu":200}}"
201808181032042d26ec55_acd6_4888_81c4_d1ef26974d64,998f3fab342240670313cfc95dfb4a0e,1534559524,1534566616,"ClusterInfo": ""
20180818115427f2968b71_bd52_4abc_b625_ccfa5750e54a,45d889ff926e421cdf57aa7f28b23aad,1534564467,1534564634,"ClusterInfo": ""
20180818005800290795f5_580b_4129_8871_d8994ae74fc8,d784f9b622896e4ac68e0f5d0ffa91ac,1534525080,0,"ClusterInfo": ""
20180818090748b2d002d0_8467_4c51_8617_905faa59ec66,de670498071258b32eb6d895080078bc,1534554468,0,"ClusterInfo": ""
20180818152911b8b5ae7d_54e5_4c7a_9fc0_45bfb3578ede,42643461bbe380bd9bd5c0b1b7df996d,1534577351,1534583224,"ClusterInfo": "{"ps":{"count":1},"worker":{"count":8,"gpu":25}}"
2018081812424236dadf46_d0f9_481f_a21f_cb78d4ad7eb9,c013ec9d11f3f5877cb43bbf112d415e,1534567362,1534567962,"ClusterInfo": "{"ps":{"count":50,"cpu":100,"memory":10000},"worker":{"count":50,"cpu":200,"memory":10000}}"
20180818095939d99086ff_6a81_4603_a9e4_41bd6bcbb764,76314d4829e3423736ec1cf809271943,1534557580,1534557837,
201808181325480c0e4d6f_d223_478e_9351_ae22463ece63,fd751aaf0fc1193fd9e6d9ef0160f1ac,1534569948,1534571727,"ClusterInfo": "{"ps":{"count":50,"cpu":100,"memory":10000},"worker":{"count":50,"cpu":200,"memory":10000}}"
20180818051020190ff563_1b6f_4b1e_a9b4_bba3d4e1d34f,fe69e0bde67310f3be3542c693ea3ea4,1534540220,1534577635,"ClusterInfo": ""
20180818004218998ab525_54e1_412b_a4c1_ae7eae38cc8f,fca1bc254e3b700f50057f94e24bf517,1534524138,1534526269,"ClusterInfo": ""
20180818045338a5d0cc98_fa3f_4d66_9212_eb1bb68a2c4a,1b3033536a857f7498220887621298c8,1534539218,1534577635,"ClusterInfo": ""
201808181559377ae9171c_8712_4215_86f4_e669bf9d75dd,d3ad9bf579cf35282104390b8f674cc1,1534579177,1534587104,"ClusterInfo": ""
201808180356389748159b_adcb_4f32_bb4a_8aab9ef38a14,621f2831d8701ee107064ec941669fc7,1534535798,1534537391,"ClusterInfo": ""
2018081807524306118415_b1b5_4906_91a7_bab58b2e1496,47da73a08d99411060408439a5519ce3,1534549963,1534609314,
20180818100850de7bdfbf_7d22_4e7f_a06d_c539ce77b67d,91434775d460eb839ce83b413010606a,1534558131,0,"ClusterInfo": ""
2018081813494993b46ec8_e684_407e_862c_e680b14fb101,427c1d817c58f6eb9214a590d69f8ae8,1534571389,0,"ClusterInfo": ""
201808181454162d033988_59e3_4905_9ab1_03fabcef8b4f,60bd5083d22d9a2659a0284d797ce488,1534575256,1534575727,"ClusterInfo": ""
20180818001141e14d577f_4095_43d9_b076_b7973b0e53b6,9fb7c3297b7e3cad7257c1aa9d26f8b7,1534522301,1534522446,
201808181520186f957d6b_5306_4d42_aa06_96e0853e7218,d49a8e3eea7b6725020992691e00a92c,1534576818,1534579107,"ClusterInfo": ""
201808181454002c87f095_bb06_4adf_bb6a_02f98b74ee6e,6ccf5869152df78b3ebbfedd962ae43d,1534575240,1534575459,"ClusterInfo": ""
20180818003300f449e6d5_f500_4d4e_a2e0_9a6d082cd614,9e75d09b4b6939d31dcbcca105ef7ed1,1534523580,1534524365,"ClusterInfo": ""
20180818042334efa1615e_053f_4521_b636_7e31548fd679,884bfcc703ce21f0a89276628549fc99,1534537414,1534539198,"ClusterInfo": ""
201808181348399348d823_4fda_42f6_8f6c_f8baad06fc65,ee217475a86a6a8d42848c782781ce96,1534571320,0,"ClusterInfo": "{"ps":{"count":1},"worker":{"count":8, "cpu":2300, "memory":50000, "gpu":100}}"
2018081815054272ddbdd4_841b_402f_bfce_66b33df7c31e,b6e1e4a99f6242ebcecd7a6a7e895180,1534575942,1534576224,"ClusterInfo": ""
20180818155701c0114370_b20f_49a5_bda6_9e22da790a24,d49a8e3eea7b6725020992691e00a92c,1534579021,1534581572,"ClusterInfo": ""
201808180439365268b84e_70de_4354_bc81_e5453c9884f8,11c840a4e6530da4be9aa4f20e4ff9ef,1534538376,1534540197,"ClusterInfo": ""
201808180937061ce3c12e_8928_4698_843c_e929f86f01c3,70b04aad1c7f9b6a1e9c6bf1db5f59a8,1534556226,1534556532,"ClusterInfo": "{"worker":{"count":20,"cpu":400,"memory":4000}, "ps":{"count":1,"cpu":400,"memory":4000}}"
2018081810292992730a1c_1bf5_406c_a9f7_c7b4f72f87a9,9630ae3387c19e4311c0a208704c14ee,1534559369,1534590518,"ClusterInfo": ""
201808180950474e735e37_5b6f_446c_b5f9_baeb3c167eaa,4513c6b943327acec7b68246c5345a95,1534557047,1534558352,"ClusterInfo": "{"ps":{"count":1},"worker":{"count":8, "cpu":2300, "memory":50000, "gpu":100}}"
2018081806335756109af5_8488_410f_929f_3c4cce22a150,d81425099b22ffeb6e55b3e6ef0e6fed,1534545237,1534545505,"ClusterInfo": "{"worker":{"count":20,"cpu":400,"memory":4000}, "ps":{"count":1,"cpu":400,"memory":4000}}"
20180818125853b1833c75_ecde_42e5_b60d_b9a1aec219d2,76cb73e0be7dfd9c623deaff7766d907,1534568333,1534568456,"ClusterInfo": ""
201808181534476a08c670_a446_4801_9341_e03ad80943b9,4d1da56b961eda51b9c3c6b0660528fb,1534577687,1534577871,"ClusterInfo": "{"worker":{"count":4,"cpu":200},"ps":{"count":1, "cpu":200}}"
20180818115242fca63dc9_a099_4ad6_b789_547708787d80,845cec2cb047872acb84f285a34fd27c,1534564362,1534602193,"ClusterInfo": "{"ps":{"count":1},"worker":{"count":8, "cpu":2300, "memory":50000, "gpu":100}}"
20180818133941723f3236_000e_4485_8428_772513fc7f25,7ba0fab0a4361fb403ec869a8f3b50da,1534570781,1534573227,"ClusterInfo": "{"ps":{"count":1},"worker":{"count":8, "cpu":2300, "memory":50000, "gpu":100}}"
201808181408438dabf55f_5362_46b2_8331_99b9a2a4d324,a50fd9d4d2530521369082abce412e16,1534572524,1534581172,"ClusterInfo": "{"ps": {"count": 1}, "worker": {"count": 1}}"
2018081805460658605841_be14_4f76_8cd2_bbbcd27de611,0ddbf6c9b397c5516402ec39f73f9089,1534542366,1534542767,
201808180625556ca2d3b5_d060_4405_ba35_cb0d124b86b1,15b3f07e31e183a9abecaf446cf9d177,1534544755,1534545082,"ClusterInfo": ""
20180818005705dafdb3b8_b351_4c6c_af45_73320b29bdc4,a0420fd650028b2a03b276c4cb546d8e,1534525025,1534527128,"ClusterInfo": ""
