2018071013485402a9258f_6215_483a_b65d_b8d93b8605f7,532532baa8dd4fdd3d1c3b51626b40d4,1531201734,0,"ClusterInfo": ""
20180710055645e29a553a_3790_4fca_b2bc_e45c95c8ded6,6338ba484cd35c38e8bdedc1b3247515,1531173405,1531173734,
201807100716388c67f30e_d5ba_4986_a2e9_fb5f9aa53d64,f24319e46b1338f75cb8c0734c4a6366,1531178198,1531178859,"ClusterInfo": "{"worker":{"count":8,"cpu":200},"ps":{"count":1, "cpu":200}}"
20180710021009e5a82c0d_f9a1_41ed_8f05_51436e12d1fe,ce862375e6d51fca9697b82c35a126b1,1531159809,1531160730,"ClusterInfo": ""
2018071010463044769f90_0d30_463d_8fdc_81a4af5e6012,ce06d3814a5cd1a81840fc9d920ca9ab,1531190790,1531198165,"ClusterInfo": "{"ps":{"count":2, "memory":20000}, "worker":{"count":2, "memory":80000, "gpu":200}}"
20180710113528bafe26ad_b77c_4a32_98e6_4d6b374b3900,e825f3b43a6676a5585ae797f4c05862,1531193728,0,
2018071010054948cfc352_f06a_4dff_bc8b_7ba8c5853220,2f5ebd86e093f2076a3c0f05cda21556,1531188349,1531188411,"ClusterInfo": ""
2018071004200656beac53_2cd0_47b0_a20c_a36dbf18eb46,552b662e08346b6120413a4e6741ae49,1531167606,1531171711,
2018071005254812e542af_08d9_439b_a7f3_5fd41bc1acab,22ca6729095f169a8f304cd3edc07576,1531171548,1531172653,
20180710144857b21fa9c3_70f1_43f8_9888_c97793c3264f,42c9f08e448dc63789ac1a6566f2cf43,1531205337,0,"ClusterInfo": "{"ps":{"count":15},"worker":{"count":20,"gpu":100}}"
20180710044511d4a5b5cd_6911_443e_8cd0_82e963d776ca,22ca6729095f169a8f304cd3edc07576,1531169111,1531170179,
201807101240233e7b5f5d_c2a6_4301_83f0_a3f48bcc32d2,33762e60217f1eac3957e5ae27e73de2,1531197624,1531234751,
2018071015161983bb8c16_3403_4efe_9e5b_9dce496ea271,4965b3250da279e7ac60210c6985af18,1531206980,1531210007,"ClusterInfo": ""
201807101558105c3201bd_240b_4dc4_8ff0_0f4120817fa8,b436bb3ce62d9356656912e864cd86ea,1531209490,1531209775,"ClusterInfo": ""
2018071010073708286364_bc36_4eed_8d97_3ce6120d6be7,75808946a830cf17fbc249dddef1bc9d,1531188457,0,
201807100940423cb51817_a374_4634_8c8c_670d4c994219,95f3421ce16fb247389e0182933af6aa,1531186842,1531197824,"ClusterInfo": ""
20180710071641a5bf221e_db88_4214_b480_9715f59ccd58,b834b9e6843bccb791fcfde8c8e9dfb1,1531178201,1531179034,"ClusterInfo": "{"worker":{"count":8,"cpu":200},"ps":{"count":1, "cpu":200}}"
2018071004212659922e10_6e41_43fe_9beb_903cab142318,5dcc877a10a2c9769b00aa89bca3ea68,1531167686,1531167862,
20180710155615a9e17361_53c4_4f81_be53_53f2a70122a3,7de4062a3ba8c5d29b1b675741a9d693,1531209375,1531241957,
201807101056544b1c6628_28b4_45e1_bf2a_3af1f683824a,b8ef12be0c4db1aa53e9d43aa50d264c,1531191414,1531192146,"ClusterInfo": "{"ps":{"count":1},"worker":{"count":3, "cpu":1500}}"
20180710113957d1cd3448_6fb2_4a96_9adf_c3096ca0fb16,95961ad99bc0c510935a3d0807b40017,1531193997,0,
201807101557535a237ed4_aacc_49e9_a0c9_19c02490bcb0,fb58e160ab6546a8e7135e0690de6eea,1531209473,1531210407,"ClusterInfo": ""
20180710044324d98af82b_6930_4c3f_b3de_0da4061dcc45,b274165af175bc6c2f33bdd96059525d,1531169004,1531170204,"ClusterInfo": ""
201807100030072155c2f5_695e_4e58_a195_5449ab436345,89448eded38bb8f2797e50f757836adf,1531153807,1531175867,
20180710101425e5e907b9_d466_446c_8aba_0ca8e81be500,3dc4c3e98969a0035937066862015cec,1531188865,1531192944,"ClusterInfo": ""
20180710002725e6e83f7e_6b28_45f5_9d6a_c2e75c3079a5,afeb26a2fbd3865450264a85dfe311cf,1531153645,1531193840,"ClusterInfo": "{"ps":{"count":2,"gpu":20,"cpu":1400,"memory":8000},"worker":{"count":8,"cpu":1600,"gpu":50,"memory":30000}}"
201807101310301f32f26a_6562_4bec_a2bc_e2773e17f48d,ef0592a56be50af0f2100c0bf25f839d,1531199430,1531205844,"ClusterInfo": ""
201807101056545574dcb3_c53d_40f7_ad54_bbdc43d6e6fd,06bff3845e6dc8acbe617ba46f06069b,1531191414,1531194087,"ClusterInfo": "{"ps":{"count":1},"worker":{"count":3, "cpu":1500}}"
201807101138313b63cf76_f9e0_4f63_a1c3_1e7b5dbe7799,b3b5475362557e03c24624914964efd3,1531193911,1531203198,"ClusterInfo": "{"ps":{"count":2},"worker":{"count":2}}"
2018071014080453e2bc5c_bb64_4e43_a5b8_bddf6fc33222,2ddadbb5016f43b69c74eb00f11f0ad1,1531202884,0,
201807101216377fa74a14_e66d_403b_ac10_1e6a91d317e0,1992b84e1f79dcc6b8414dbf5152b051,1531196197,1531200347,
20180710101726abaa88cf_986b_45d7_a628_4c96959fcfef,c84c2804d583e5ccd26a2d8aa8a56b62,1531189046,1531190203,"ClusterInfo": "{"ps":{"count":1},"worker":{"count":3, "cpu":1500}}"
201807100847007bed29f2_9b3b_43f9_9b07_f6c999b36e2c,3f059e1ffac77a6abcb00d02eaafb16d,1531183620,1531193478,"ClusterInfo": ""
20180710022954eec688e4_5bc7_4c51_9add_b27a6789d36f,27e500d9fce3631b5425d4020952dac3,1531160994,1531197047,"ClusterInfo": ""
20180710101840453b3118_aed4_4bb7_8c78_42bc89fec95d,c3ca08781ca1f7007b004780cffe2013,1531189120,1531189152,"ClusterInfo": "{"worker":{"count":2}}"
20180710151341f7a5f4c8_00d8_4392_8357_869d3616b99e,b69b3f17d21cf0e2f346fe2ff0fcad48,1531206821,1531213531,"ClusterInfo": ""
201807101531570a1eaf10_dca4_4ba3_b7e9_080a870b803d,22c463c7fc1b3a7cf7e5f628f526d81a,1531207917,0,
20180710101440d381e242_2ee4_4b41_8794_c07055b9876f,83ce1192934fd5cf99c84468146ba1eb,1531188880,1531190144,"ClusterInfo": ""
20180710155035a3542995_f0d1_495b_9b8f_519867c97fc4,26e88e0e9479bce471fd437509697784,1531209036,0,
20180710155416dc4f9a22_2232_45e2_90d7_506258988c56,46b7349f2d0a10d118a7c2a0439a758f,1531209256,0,
20180710155048b2b3b3e6_fe80_43a0_be8b_c0dce8403f84,d11841bd97c2382b781e00265c221795,1531209048,1531212833,"ClusterInfo": "{"ps":{"count":1},"worker":{"count":3, "cpu":1500}}"
20180710142749502bb3ad_456d_49fe_8b6f_3ff3b3e6f0bf,4f5a2110c23402675a909a3da2867f1a,1531204069,1531207700,"ClusterInfo": ""
20180710153457474e35b2_692a_4c98_8078_4cb802eec4f6,51ab6ef33f3f800dcc7c2b94a1c94dfe,1531208097,1531209466,"ClusterInfo": ""
20180710115013a9cdc8d2_6fd8_4227_b475_e5ecd2e9a97b,6d8289e6fb8f8583e0481a46e10142b2,1531194613,1531195193,"ClusterInfo": ""
2018071014531145009e12_8bf6_49c9_8cac_c54cd354093f,d86834f4119f2c103d7128ce27cbe806,1531205591,1531212466,"ClusterInfo": ""
201807101156280b04daf1_abe7_4123_a587_f6b8a624fb77,eb28c87863bf0ba50c6c1e158307bd73,1531194988,1531195423,"ClusterInfo": "{"ps":{"count":1},"worker":{"count":3}}"
201807101113544c6f2a5d_badb_4a56_b65c_8dafd6d26040,95853688fb1b9849b96ec216f84292d7,1531192434,1531192591,
20180710140803e5df9424_6dc1_4614_bfa6_e298f3f8835d,47256d9b092fd06201a09c5a86543e7b,1531202883,0,
20180710002631752faec9_9da4_4ab4_b802_5400e6521cbf,81e5608d5aee24dcaa73cd8ea0588d90,1531153591,1531155101,
20180710153045dabdb1f2_34ee_46a5_988b_b0f2d3daec09,95cd1531461db70ae3076fef3aa2d6f5,1531207845,1531212005,"ClusterInfo": "{"ps":{"count":1},"worker":{"count":3, "cpu":2300}}"
2018071011351530829977_9776_47cf_bc5a_a99ea96c6aff,686e991cdc10c1e0cd0c6fdf31e04ece,1531193715,1531194045,"ClusterInfo": "{"worker":{"count":4, "gpu":100}}"
20180710134659a0c916b6_6324_40a6_b63f_ab6659998a70,92e47593178a4f1bbc5b8dafd7999908,1531201619,1531202033,"ClusterInfo": ""
20180710054801f3053bd4_1545_4322_b682_f6c14158d590,a8f395b49df825a74d55f7c9e80ae582,1531172881,1531173064,"ClusterInfo": ""
201807101454323377e054_d362_41cf_93d5_4d866fc4c735,08357358d71775f032ada7031093ad7a,1531205672,1531208864,"ClusterInfo": ""
2018071005054050b710ff_34e1_4f50_9c45_08ce55b2737b,22ca6729095f169a8f304cd3edc07576,1531170340,1531171389,
20180710115628f2168c0f_a23b_4146_9f3b_9b4c8a4e4aa9,e16b39c9eb198091d08aaf91f2973579,1531194988,1531195410,"ClusterInfo": "{"ps":{"count":1},"worker":{"count":3}}"
20180710104252998e3a76_ea80_4389_9fb7_e556986feef3,ace89b97e95f583411a8a85a97f9ee41,1531190572,0,"ClusterInfo": "{"ps":{"count":1},"worker":{"count":16}}"
20180710111156faaba15d_1319_403e_a1bb_1ef0ba59fa9c,14918c3841fccdfe89ba3c8efc4d0fcf,1531192316,0,
2018071010143229021b03_765a_480c_96ab_43abe2a8ff17,72f4a9451ead23339befba61dcfdb567,1531188872,1531212487,"ClusterInfo": "{"worker":{"count":8}}"
2018071015573999bec598_b7c2_493f_b55a_ac96f6286f40,7fbc0596e9fa495fe6e717ce0b9157ac,1531209459,1531241824,
2018071015220983da9e0f_9ca1_46e2_b794_9960b7f518c2,14f3b67b60460855bba01a34aab7115d,1531207329,0,
20180710144122271402f7_bd20_4c40_97ef_d149f7fb5ca6,f08d3190fae3e5a95bba966a95b55890,1531204882,1531206658,
20180710120000b7f1a8f6_c950_415e_94da_2958e3df326b,edf84f70201fa1e56f7895491f72456d,1531195200,1531196102,"ClusterInfo": ""
20180710101725fc7701e7_4045_4cd1_a4c3_186aeb19bdd6,83f67b30f8978a10419bc5cfc48c1e8d,1531189045,1531190209,"ClusterInfo": "{"ps":{"count":1},"worker":{"count":3, "cpu":1500}}"
20180710155407af96fac2_f410_4314_8fe5_f8dcc0350dab,056ddbb83a8c122fdbb1408e2c7a5565,1531209247,1531213533,
2018071010372424a6bcfe_c5ff_4ca1_bd53_d0756022c6f5,204a3adfca1a74b4c6397fd55bcbea4b,1531190244,1531194306,
20180710042501b417f004_114b_4551_a1ff_bc6925fc0c45,b13043ee71036a14ea0ecb92dd24fa01,1531167901,1531171976,
201807101244166a3907b5_3168_48a4_bef0_f890cfe499f2,70ae54ee97584d12a05c143cd0978b51,1531197856,0,"ClusterInfo": ""
20180710115947c6fb659d_a2b1_4a10_aa7f_fc2cad34d2f1,8eb1f3c75030da2181a0740c4528cf25,1531195187,0,
20180710132611d4ec117e_fdfa_4428_9ed1_616c59b4372d,e1b78415589d78572ee7179a8694344b,1531200371,1531201496,
201807100931012d118bb6_9d97_4d03_8880_23b69286523e,4381cf78abc4c90b1cae27a957434031,1531186261,0,
201807100027268515046f_08d9_4089_bdbe_79da68b305a2,7b725e5529bb9b3c2add21f7f8894081,1531153646,1531212542,"ClusterInfo": ""
2018071014585378023a89_629a_4685_9da0_6575be8dda51,425062ee428f1b5c47cc30ae359af495,1531205934,1531206948,"ClusterInfo": ""
20180710000951b138b0cf_ac90_4cd8_a78f_8b542424ce0a,4fc7c25c85c5452e0cc2ce27c41a2cba,1531152591,1531157107,
20180710101724fd6faa1e_33cf_4bb6_819a_da1b9b5eb50a,2afa7606f41b7f407281d1056761b6dc,1531189045,1531189431,"ClusterInfo": "{"ps":{"count":1},"worker":{"count":3, "cpu":1500}}"
20180710061702273b00c5_1801_401a_ba9a_0786d9041486,4dbfbad5f90dbc853f3e4b180b64f379,1531174622,1531181106,"ClusterInfo": ""
20180710101022cd0bf875_2f0c_42ae_9cbb_0821e38279bf,2fa10d6b89641f3be6ea9ae911cd2685,1531188622,1531192982,"ClusterInfo": ""
2018071011464502c9ce5a_ee72_42f1_9c47_e67f8ed75517,3b8ce9b86e2b1175e249fc1a1bd66222,1531194405,1531196601,"ClusterInfo": ""
20180710030830ba68ac75_d048_4d8c_b050_0c13721005c7,ce862375e6d51fca9697b82c35a126b1,1531163310,1531164216,"ClusterInfo": ""
2018071011563091e7551a_780d_479a_8b67_c0f39e89aeb7,1f6f1cafddc45bfb26bdc95fdf3ea14c,1531194990,1531197463,"ClusterInfo": "{"ps":{"count":1},"worker":{"count":3}}"
20180710000912bdfa763d_470a_4879_81ed_3b9446c67db3,3fbcf956dc2296ddd1910b9fe7872b13,1531152552,1531190607,
2018071001412935936d32_f27a_4ce8_b8f5_c64ad7c43b33,380453eb5050132f14c8544f3a5ec0e9,1531158089,1531231244,"ClusterInfo": ""
2018071015090468468abc_f99f_463c_ac1a_0311936a3d3d,af0426c50a678e9c5c0ffee2c0bdffa8,1531206545,0,"ClusterInfo": ""
2018071003244839723037_33b2_43e0_834f_d25417893727,ce862375e6d51fca9697b82c35a126b1,1531164288,1531166809,"ClusterInfo": ""
201807101014474cbb3419_79c4_47c0_b431_dbfe446972d7,2e73f0c2ba90b4e71c8641dc6a478e9e,1531188887,1531189241,"ClusterInfo": ""
20180710053757e3735d9f_6cc9_4720_b54d_537a1ce9748d,a8f395b49df825a74d55f7c9e80ae582,1531172278,1531172411,"ClusterInfo": ""
2018071015392189af9f32_3bc6_4889_b6ae_dec5c93ede52,87c2e63c6354c98751a70186c9a02c64,1531208361,1531209283,"ClusterInfo": "{"worker":{"count":2,"gpu":100,"cpu":1000}, "ps":{"count":1,"cpu":800,"memory":10000}}"
2018071010521564507238_418b_435c_bf09_c0c723763c1b,31107ee37e79599eae61377cc3f841a3,1531191135,1531198675,"ClusterInfo": ""
201807101110542b3ab7a2_d0d8_4cf3_b4b2_4ec41497b7ef,92e47593178a4f1bbc5b8dafd7999908,1531192254,1531201383,"ClusterInfo": ""
201807100922277e7a905c_a2ea_442e_9938_2c8093dc3ec2,5e3329bb59170c80398ef378172b6571,1531185747,0,"ClusterInfo": "{"ps":{"count":1},"worker":{"count":4}}"
2018071014144417d9af16_0527_4736_af06_f0cbbaa2af8b,03c7c4f223787fe2c82f6de8d69a8f91,1531203284,1531203978,
20180710113834bc2132e4_3971_48cd_95fa_8b93c99f7ddd,2b44f849925603443db8980a7bd42843,1531193914,0,
20180710063917c6909114_278f_4812_9edb_92f85c03605d,38d8f197104c9d10cc2f6aa11044dbf3,1531175957,1531191770,
201807100443562c7e98bf_9f7c_4a2c_a2da_55f4ee1d6c26,ebad81a32353fd3ec466bc6eadd99d75,1531169036,0,"ClusterInfo": ""
20180710154809894db6cc_40ae_4794_aaf6_4dc6a4674002,8023a994dbd991e3026ced098699cb75,1531208889,0,"ClusterInfo": ""
20180710045326273c06b7_651d_40fe_aeb8_8c9734e541b7,6624d66c4335584fc87b10d5851a6de4,1531169606,1531170140,
2018071010012289b44411_a634_4250_b3c7_ea0e82b5ecf9,2f5ebd86e093f2076a3c0f05cda21556,1531188082,1531188141,"ClusterInfo": ""
20180710153045535ec874_1a17_4e96_9dd0_402063f2e589,735cb40319feb34144560e89f4e35f9c,1531207845,1531212000,"ClusterInfo": "{"ps":{"count":1},"worker":{"count":3, "cpu":2300}}"
2018071007164380bc54d6_a931_463a_b058_a1fcf4fbc3bd,03ec5593fc35c655332a3bcf4ef4e374,1531178203,1531179103,"ClusterInfo": "{"worker":{"count":8,"cpu":200},"ps":{"count":1, "cpu":200}}"
201807101401157bd54a52_fdf3_4690_a3eb_683d85b7d535,11f74f262aa45a3cae06c49f398be710,1531202475,1531212189,"ClusterInfo": ""
201807101550476f606054_ee2f_4a63_bfce_0bae9ea8b888,fb04f47c5b223aeb68b760a0e497d6f1,1531209047,1531211271,"ClusterInfo": "{"ps":{"count":1},"worker":{"count":3, "cpu":1500}}"
20180710124550b22cf320_2680_4c3a_89a2_c7efa2fa7af7,021ea12dc26c3c5d1ee61730753e044b,1531197950,1531199997,"ClusterInfo": ""
201807100309326f736cf5_477c_4f33_bbd9_4ca31915fa61,089940ba272fe7f00af945a39e5b1122,1531163373,0,
2018071000091733c81725_38f4_4d45_adc8_7e688b5ae63f,f31894be36858a6e1810ff6543ddaf3c,1531152557,1531152684,
2018071010504460d7a6fa_e6d4_4e2f_997b_cc3601c4da3e,1e3a5964631fa18809e872ae01b30d14,1531191044,0,
201807101150011b843704_0fab_4d14_bbeb_9dec44731be0,f1c132c62b61f404bd2a0af8efed03ea,1531194601,1531196343,"ClusterInfo": ""
201807101314390b3b1d3e_8a44_49ca_a063_9d0848ef22a1,1537d7fb517a4147d47b9712e83d9070,1531199679,1531206033,"ClusterInfo": ""
20180710001701e860f7a9_aebc_4002_b5bf_e12901ce698c,dd77413adbd78f11b6a252f2c673c21f,1531153021,1531153174,
201807101425052a659ced_67d3_48ae_bd91_0f02626d9cf4,c265342c7bf28cebdcd1a62840518801,1531203905,1531204812,
20180710115628d8e9162c_7366_4c65_a328_3ab60b8179d6,596e8c904e4dc0b7d460139f907ae5ef,1531194988,1531206653,"ClusterInfo": "{"ps":{"count":1},"worker":{"count":3}}"
20180710153020fb70b0dc_39b3_4c39_b8bf_1b89f8ece9de,ada4d701e76367a95ff496fd65ea34b4,1531207820,0,
20180710072125fa222aac_b50d_42d7_aae6_c69d8d7dc137,5a5ef5b570232ae6c5c863a8704bc69e,1531178485,1531180794,"ClusterInfo": "{"ps":{"count":2},"worker":{"count":3}}"
2018071010565377a6a3cc_bca2_4429_927d_ca00f98fd0ec,ae24f6b6540723671fbf8fa7eed2a67a,1531191413,1531199501,"ClusterInfo": "{"ps":{"count":1},"worker":{"count":3, "cpu":1500}}"
201807100024423a3d3c3f_1acc_4ea9_bda9_d10453492164,80e2af61e11b2c580157bf3f104d6f12,1531153482,1531188335,"ClusterInfo": ""
20180710100355dbcb287f_b34d_4b73_b067_d3d1cc6bcea9,033df6eae8615520e9760b8e1ff6f435,1531188236,1531192489,"ClusterInfo": ""
20180710041532f1a6ffa3_6ece_4acb_9236_629169e84fb2,659ccc48dd8e3fbacda258ab509518c0,1531167332,1531167979,
2018071012470660ca2d63_a854_4d6d_abf7_b6d92d9e91fc,65a6172ede7e7d81419adb7070df7038,1531198026,1531200038,"ClusterInfo": ""
201807101541373ef3f8cf_b700_4179_9d36_70950805bc6a,64aefacc70ea44cbbdabf235c0074f61,1531208498,1531208716,
20180710013044d8f09d19_82ba_43b0_9f2f_b0d97fc4f06f,e4b54c2b3746253fca081392cf02fc21,1531157444,1531157501,"ClusterInfo": ""
20180710111215148cfe15_f24a_4b8c_80fb_02761d199c8e,a4db4f203935300d8500c238cc9134bf,1531192335,1531193349,"ClusterInfo": ""
201807101220179a628dab_da3a_45a3_b300_42b8dcadc679,cee3cfb2f7a5c80896f2410ae0506287,1531196417,1531201370,"ClusterInfo": ""
20180710095808d80ca0b8_3c9d_4aba_9710_37da3a9cd932,c93144d9bfd6a0b13e7ac6b44763d632,1531187888,1531215053,"ClusterInfo": ""
201807101044261197751b_f4cc_4bc8_9958_90268cd8cb63,213258916db3119095668ccb7ffee581,1531190666,1531191524,"ClusterInfo": "{"ps":{"count":2},"worker":{"count":2}}"
201807101409552342498c_aef7_4353_b2a6_7e1081d4c837,e96f3f532d2f0ddf805d74e33e64e2f9,1531202995,0,
20180710123438b5115997_2136_450f_89cc_c9ad390959c1,ef1c4dd56862645f84f91f85ab6003c3,1531197278,1531204100,"ClusterInfo": ""
2018071014470061798108_8ef6_4bbc_9970_48a6cc8f03f6,b69b3f17d21cf0e2f346fe2ff0fcad48,1531205221,1531213828,"ClusterInfo": ""
20180710132036862fb32b_c024_404d_bb99_d719b94c9f08,10dd325ed57f43b679df10c08fdf8ffc,1531200036,1531201189,"ClusterInfo": "{"ps":{"count":15},"worker":{"count":75,"gpu":100}}"
2018071010565409f25c9e_75e8_4bd5_a429_1868a297945e,cac8060ee03db903a19209be848d93ce,1531191414,1531199032,"ClusterInfo": "{"ps":{"count":1},"worker":{"count":3, "cpu":1500}}"
20180710034922f62485cd_f436_4edd_a9ee_db681aeea5fe,680aa335055b3982eece2b1e51cc3571,1531165762,1531173204,
20180710124609f1efa229_2fad_4c81_bfef_7b36e8478ae6,39433d982e797938729f328b22570bdf,1531197969,0,"ClusterInfo": ""
20180710141300745f4d19_d73c_4680_91ae_f0c340fad248,6cd438d857ec0b9a2c38a6e78581adb2,1531203180,1531203957,"ClusterInfo": "{"ps":{"count":1},"worker":{"count":8,"cpu":2300}}"
20180710031350ad39a476_18c4_428b_9522_8f0e6086f01a,cc553d7c1bead3ddda2cf388a352b1fd,1531163630,0,"ClusterInfo": "{"ps":{"count":32},"worker":{"count":20}}"
20180710151507aca1b5e9_71d4_41a0_b3e1_4ac37c76f370,a8a63806d1537d1fe184a1331b994ba1,1531206908,1531207416,
201807101156282489a3c6_e44d_4c8a_b67d_7335f085c3f3,472a03f9ebca1c77b62bbba0802a37dd,1531194988,1531195418,"ClusterInfo": "{"ps":{"count":1},"worker":{"count":3}}"
201807100140199e0b5cec_dc7d_48d7_a13d_358da6f452dd,e4b54c2b3746253fca081392cf02fc21,1531158019,1531231201,"ClusterInfo": ""
20180710140209b2cfa40d_ee27_4080_a952_437c6c617db8,3c42bc51e7450e458855fc4eeafbeabd,1531202530,1531212227,"ClusterInfo": ""
20180710153046517d8360_e22b_47f5_9fe8_233a57ce47fe,160452406e264250668afe8891d18af3,1531207846,1531209838,"ClusterInfo": "{"ps":{"count":1},"worker":{"count":3, "cpu":2300}}"
201807101019338c9e3c68_9c77_4505_9262_7218470bca6c,f4b0d8ee491f0595beeb5d26d344c452,1531189173,1531189204,"ClusterInfo": "{"worker":{"count":2}}"
20180710102200a4f5e0e1_2062_4cce_960d_d0c788281b19,64faf32916cc17fe885c2965d09db44e,1531189320,1531201097,"ClusterInfo": ""
20180710035224ef7cb6fd_03c7_41c0_a7c4_a639df246128,5687f00464c483123caf99bd728510e1,1531165944,1531167586,"ClusterInfo": ""
20180710042713d243733a_5981_48d8_9172_a35c5106b2c2,0e9137bc2e3adcd5c16c7592f1cd3cc0,1531168033,1531168912,
20180710105902ae1dc58e_6177_44d1_9f76_809e6f5932a2,5d004b7fece7a8c1d510be0af7d0fb4a,1531191543,1531193900,"ClusterInfo": "{"ps":{"count":2},"worker":{"count":2}}"
20180710102550df98b43e_ec47_42be_8136_39c27e2a27d0,e0d3f9a6cf1cde225f5de0a6fb7b1808,1531189551,1531189610,"ClusterInfo": ""
20180710145039cb1c695c_ac51_4c93_8a74_87e1881de791,0a0ad6cd513a721c0707cbe526f9f576,1531205440,1531205819,"ClusterInfo": ""
20180710123129832f9c28_923d_409c_9db5_3d5b65607d64,12294dd59e89b32feb453cc437565fab,1531197089,0,
20180710100710346630fc_5f33_4618_b2b5_dc96796abb23,bd345668dbbb8c7177bb66ca7250b903,1531188430,1531191504,"ClusterInfo": ""
2018071007164209beb98d_1d1e_437b_9590_dc4e4413fdac,80ddbd981afc928fc9080d2ce05cc822,1531178202,1531179076,"ClusterInfo": "{"worker":{"count":8,"cpu":200},"ps":{"count":1, "cpu":200}}"
20180710011518936882c4_92ae_47fd_a0a1_6850f3c94f93,919aa753346a5cf90eec2266ffed1100,1531156518,1531156596,"ClusterInfo": ""
2018071014175674177711_94f3_4bed_b222_15ba246ea012,122deb011e52a83e271513a760c89be1,1531203476,1531203821,
201807100436046ed664e4_7224_4acf_814a_089bad4f05c4,348644939b7c3207f8a0e73a354f0115,1531168564,1531175688,"ClusterInfo": ""
2018071015304570011e23_ce8a_4754_9e14_19ae07ddefd1,4af3bf4e9ba75c704c98ef1f59821b36,1531207845,1531212003,"ClusterInfo": "{"ps":{"count":1},"worker":{"count":3, "cpu":2300}}"
20180710110305337bc3cd_a3bd_4cac_bd99_ae38a5cefd9f,a3d15090011cc426c60fa327c9817cda,1531191786,1531192087,"ClusterInfo": ""
2018071013574791c1825d_8670_4ebd_9986_e47092ba77d6,90d3cd7e05c207110e3fb260e1e3068a,1531202267,1531202895,"ClusterInfo": ""
20180710104248d1e4588e_fd46_4f78_917f_111cb5d51d2c,2f92c7cf2b245444234c09453ba078d1,1531190568,0,"ClusterInfo": "{"ps":{"count":20, "gpu":100},"worker":{"count":4,"gpu":100}}"
2018071007163941c8d40a_9e59_4ccd_91c6_06520fe5f7c7,bc927e0f143c8483add77403a0509e8e,1531178199,1531178733,"ClusterInfo": "{"worker":{"count":8,"cpu":200},"ps":{"count":1, "cpu":200}}"
20180710142814c072a4a9_0594_484b_85af_9b6ab119ff2a,31d931ab37649c4380e1aed3b981a17b,1531204094,1531204204,"ClusterInfo": "{"ps":{"count":1},"worker":{"count":8,"cpu":2300}}"
201807101130183377cdfc_0635_4cb8_ac56_79f7444dd8df,fdfda10821df71362da7854c77f2cf01,1531193418,0,
20180710101726664b3474_1894_4506_8548_b284fc1bf468,c9a62cff2f4c1b0636b97472c5103021,1531189046,1531190206,"ClusterInfo": "{"ps":{"count":1},"worker":{"count":3, "cpu":1500}}"
201807101056536ddcd577_20f2_4696_9f8f_3feb52154737,eea5779ba2ca93893928d0f5d9d73efb,1531191413,1531199079,"ClusterInfo": "{"ps":{"count":1},"worker":{"count":3, "cpu":1500}}"
20180710114300f5bbd3cf_34ef_40d2_bd51_8a240e32f26c,b38bd3f986b20b127cd05c92385e3279,1531194180,1531194508,"ClusterInfo": "{"worker":{"count":4, "gpu":100}}"
20180710055523f9ca7e50_68db_4378_82b7_5f563aa5b4b1,a8f395b49df825a74d55f7c9e80ae582,1531173324,1531173502,"ClusterInfo": ""
201807100852059b477e95_8ea0_48a5_8cc9_bd7317c88d8a,3b6e0ce902e0fd17a4867904eb81ae1a,1531183925,1531213400,"ClusterInfo": ""
20180710144509afa7db3b_59de_47ba_a449_495abb3c4417,b69b3f17d21cf0e2f346fe2ff0fcad48,1531205110,1531213820,"ClusterInfo": ""
20180710153802b68279db_32f9_4f87_be11_46866e0373d1,830fc061790a85da46fe0a9152e6c914,1531208282,1531216398,"ClusterInfo": ""
2018071013225181a9b6f8_c2f3_43a6_b84e_6c54cbc54023,bcf7f8271006fda839dbde07c9e20513,1531200171,1531200317,
20180710021104f9fc5621_3de7_4427_aafe_37c5be756392,fb175633d3c4222a5749e31d00fc42d7,1531159864,1531225747,"ClusterInfo": ""
20180710135300b4b92ecd_d25a_493c_b18d_a6f91b04ddb7,4e43346e608ec9a04347eac0a88e7c6c,1531201981,1531203011,"ClusterInfo": "{"ps":{"count":1},"worker":{"count":8,"cpu":2300}}"
20180710102358feeec7b6_215c_4438_a6ff_7547c71a2387,6e8e8f22dcb83db034fbee55ea4549f1,1531189438,1531189687,"ClusterInfo": ""
20180710144911b9dbe5d9_48ef_4fd7_a858_827ce2e53a71,a8a63806d1537d1fe184a1331b994ba1,1531205352,1531206138,
20180710142114c46c313c_376e_4052_a2ea_5c049e46258c,1fbc13e2ca8116d3b579d9e03e90c955,1531203674,1531213944,"ClusterInfo": ""
20180710071643804947e1_da56_4066_a4a3_ab32e62ff2dc,1c348176ba3782411bcc346ff679d199,1531178203,1531178782,"ClusterInfo": "{"worker":{"count":8,"cpu":200},"ps":{"count":1, "cpu":200}}"
2018071011040339d71fb1_6e3a_42f8_9276_1dbb18055924,83ce1192934fd5cf99c84468146ba1eb,1531191843,1531192539,"ClusterInfo": ""
20180710102209def8ca31_8ce5_4b97_ad85_757dcd1cadd1,79648afb62584b9ed2726af55ad990f1,1531189329,1531190648,"ClusterInfo": "{"ps":{"count":2},"worker":{"count":2}}"
2018071003483175bb526a_2ce7_4ccf_8b5c_808cbc328a8c,63ee395d6f4e7409c96f893bce91419f,1531165711,1531176424,
20180710101724a380954b_7643_4d88_8ec2_80aab7de3d56,1abcc54fe9230dadaace45d611e21073,1531189045,1531190215,"ClusterInfo": "{"ps":{"count":1},"worker":{"count":3, "cpu":1500}}"
20180710122512c8729f23_2a56_4e61_a9d1_2f3f8af90578,e16e3f7a48c70c8461fdaa916f16bcd4,1531196712,1531201497,"ClusterInfo": ""
20180710124804f6d7b77f_22b7_4eaa_a93f_41096ae94ae3,6e6a878a790d97a1c6aa91d762bf7f92,1531198084,1531199508,"ClusterInfo": ""
20180710083218219527df_b26c_4b09_b581_6352b1ae02de,a453fa67b911dd67aa24e83f7f45d036,1531182738,1531217001,
20180710102432ec0b1b1a_8d37_4f30_bcac_94240ddae2bf,95e98634896ea6955278f1ded880b6a3,1531189472,1531189542,"ClusterInfo": ""
201807101029499623317a_9f38_47f0_b128_1793a06c10f0,e57883c51bac8aa585fdb4a085c41e98,1531189789,1531189807,"ClusterInfo": ""
2018071008515358a63946_f46b_4da1_8fe6_4be050396692,e3b0388f2ad8e66a29d027e6f8d9770d,1531183913,1531208558,"ClusterInfo": ""
2018071000071806d3afe0_e6b5_461a_aa35_6fbae2636a96,283b5d2db6ac8f14ac00d1b547018aa1,1531152439,1531158546,
201807100608285624c378_60bd_4d64_8094_d18be2536744,f5d6fe97bd05dba3f4083ce6e9b9a826,1531174108,1531178058,"ClusterInfo": ""
20180710102834687d43dc_a861_4978_a24a_d2ed2c3f2cd9,b4c9c5b12e0e14708f55d07d15f6577c,1531189714,1531189737,"ClusterInfo": ""
2018071007164334dbae68_c898_48e5_9118_19a5ed9a9389,1ee6fe518e929e2eef79d2e300cce4a3,1531178203,1531178918,"ClusterInfo": "{"worker":{"count":8,"cpu":200},"ps":{"count":1, "cpu":200}}"
20180710073245b951c7fd_e8e7_44d6_ad0f_42188cf33316,31404b79de49e431ced45ed3904e0ffe,1531179165,1531207310,
20180710030031f51073e8_89d4_42af_a511_2af8e97ba8df,28cd6e0e20e2e4c397a6752fb95be88b,1531162832,1531165288,
2018071001013642aedcff_ec59_4199_aabd_1e69a66217b1,4c8497cd380181f86dfad96ccca3c6c6,1531155697,1531229981,"ClusterInfo": ""
20180710002509cd332297_8b1b_47cc_9eff_55839cb52890,55c8ffe0b5c6d2239c77fcdce6842e73,1531153509,1531159882,
201807101530460e38650a_0e88_4ef3_8627_08f4992809ac,5205345127e2621ee56e56b9fa902daa,1531207846,1531211998,"ClusterInfo": "{"ps":{"count":1},"worker":{"count":3, "cpu":2300}}"
201807101008328b942540_579a_4ca2_90e7_5fd1985b5f34,101447af3fd3b0895615b8e13cba6c99,1531188512,1531188611,"ClusterInfo": "{"ps":{"count":1}, "worker":{"count":2}}"
20180710104110096f14bc_d515_4198_b78a_7f2b6ef21d43,7d11ae1afc703cc17cf2b989be86051d,1531190470,1531190541,"ClusterInfo": ""
20180710000741c1fa82bc_f22c_417e_b0d1_1f67c7cc4b55,87b77f691739cd3289db6ec6ab2e6475,1531152461,1531165251,"ClusterInfo": ""
2018071011143108d1977a_fd5a_44d9_9035_8d135c0fb56d,674bda3d63618ecd07a1224645a475fd,1531192471,1531192584,"ClusterInfo": ""
2018071013261120a199fa_e45e_4f66_b095_87119d1d6fea,4399ce0179e22f329b38017a44216e87,1531200371,1531201526,
20180710101724964413af_39e7_428e_9ec8_1ebe1f0a5096,f63b8fdc4920e7298eb9c85762b24686,1531189045,1531189413,"ClusterInfo": "{"ps":{"count":1},"worker":{"count":3, "cpu":1500}}"
201807101040264ffe2b63_2de1_4d5c_a7e0_70e57e80f0a7,51bc8e76dbcb09c6b3626a3217c0d03b,1531190426,1531190506,"ClusterInfo": ""
20180710153045d6636d4d_5b1e_4e03_b691_e4325ee7c832,9d398e2f9953eed54e49e5722d9b31cd,1531207845,1531208249,"ClusterInfo": "{"ps":{"count":1},"worker":{"count":3, "cpu":2300}}"
201807100551426d0ab942_81af_4d9a_8dec_6ff7530f9e2c,a8f395b49df825a74d55f7c9e80ae582,1531173102,1531173282,"ClusterInfo": ""
20180710153027c15f0e8a_2565_4e30_8128_bfac3dd5f47b,62e19ee96eae8e76a32dfa0d6eb793fa,1531207827,1531208190,"ClusterInfo": "{"ps":{"count":2,"gpu":20,"cpu":1400,"memory":8000},"worker":{"count":8,"cpu":1600,"gpu":50,"memory":30000}}"
201807101102269bbf5d7c_f842_40d1_832d_f7410c76806c,77ea1944da4ea5042073d6f8d4750c66,1531191746,1531203406,"ClusterInfo": "{"ps":{"count":1},"worker":{"count":10}}"
201807101502217bfb1d0b_8994_4a54_a24e_b2a257307722,9590f656eeac577d88d7430f10edf711,1531206141,0,"ClusterInfo": ""
20180710133017a0260ac7_6d0e_4b8c_b3b2_e8161405c0ec,148206a5fd5f6c0d9b18932cf2308740,1531200617,1531201343,
20180710153049d15a78a6_15c1_4cd8_ade1_b1f742321f04,e52a5cdb9d962a4f9843e05658e2f65b,1531207849,1531212013,"ClusterInfo": "{"ps":{"count":1},"worker":{"count":3, "cpu":2300}}"
20180710135452d10cd533_f8c6_4a0e_8d42_8c626bfba10a,fe9a4cded1b15974511745057217d53d,1531202092,1531202217,
2018071011345394461054_61bc_41c2_9437_d5edbfbaf2a8,83ce1192934fd5cf99c84468146ba1eb,1531193694,1531196402,"ClusterInfo": ""
20180710132611e42a1c39_8c66_4867_90ce_ce8c327ab407,74ec342296d01e6e09053436a05f1fe3,1531200371,1531201495,
201807101122301c2a2374_e7da_439f_9a41_84e0d8c13d6d,37596ca47dbfc63e248584f85ea6491f,1531192950,1531193074,"ClusterInfo": ""
201807101156304c13242d_bd3a_4ac4_8d18_1b39e7711bce,a5575eabf34f8c69726bddbd57e1a8e8,1531194990,1531200635,"ClusterInfo": "{"ps":{"count":1},"worker":{"count":3}}"
201807101508106117c207_1d5d_4957_9eec_6cd19f0e6fec,b30e9fecf0beab20a1469195b5b39814,1531206491,0,
20180710101520fce5df5a_4826_45e4_adbf_5104923510da,aa1c3078c95e161ed9ddb14d9d48d82c,1531188920,1531192927,"ClusterInfo": ""
201807101550374ffdea70_347a_4e9a_a216_32b1c07d36ed,349160a05d473d77449383e7989ba115,1531209038,1531210253,"ClusterInfo": ""
201807101513431fb6b2f4_477a_428b_a8c3_c03c30a31536,588a87cf82fd71bb015fe2163645f21d,1531206823,1531227712,"ClusterInfo": ""
2018071009550498912e3b_2783_4363_9e2f_25392de1617f,21c64f16aa22aa9faf1624c6412c3d1b,1531187704,1531188737,"ClusterInfo": "{"ps":{"count":2},"worker":{"count":2}}"
201807100541163a71d62f_da90_47c2_9fc7_d69782bcff93,e9562aa6b957de63c8facee94d74768f,1531172476,1531173653,
20180710111512d03fd3b8_27af_452e_8886_ba7612fa7d4c,753417f707d2e5d48445df939b9759d0,1531192513,1531195698,"ClusterInfo": ""
2018071009495713a0de0f_648d_4589_92d2_1697f96fbe08,b7f53a4d8ff74674432992fed5695493,1531187397,0,
2018071005150064c257f3_f93a_4b19_a7af_0a6c3ed431ec,5a2ac3327c5a9a99510436aadd1fa27f,1531170900,1531172205,
2018071010141917862357_a3ea_40f6_a0c3_aae4a0c80f0e,be9f78537aa6a16f325b2a0366e82d8d,1531188859,1531196102,"ClusterInfo": ""
2018071013370660b110f0_724f_4be3_b819_c9129fc18a12,0b487994432956bd6f064db2aa898f66,1531201026,1531201434,"ClusterInfo": ""
201807101018395d205ed6_1e3a_41dd_9931_a20105b5affb,eddda2dc9670e113b1321a13236db2fd,1531189119,1531192312,"ClusterInfo": ""
201807101551508eb93552_4091_4b59_b8d7_55a2f12cef0d,1659e5a14c7db5409678cb8b3bca8c0b,1531209110,0,
201807101540541cfb9277_40bb_4ca2_a187_5aac2c17c67b,ea414f8d39fb5a3f8a252ec367678f57,1531208454,1531209802,
2018071014030006129946_1db2_4028_a3af_716b99417edc,9f9f8852415821cd09de41a685072ec8,1531202580,1531202684,"ClusterInfo": ""
20180710105949a9109470_780b_4ef6_a755_a6192015d087,d779534060ec82173cdc81c0aeb47e7c,1531191590,0,
2018071003430850c18f2d_8519_4a9c_80c3_7817a105d500,83ce1192934fd5cf99c84468146ba1eb,1531165388,1531167758,"ClusterInfo": ""
20180710111041f707319e_df04_4245_aadc_a6a2cec724e6,330243ccbe0b20d4a33e8ab90c4137e6,1531192241,1531199333,"ClusterInfo": ""
20180710045801a8b0daba_5422_45bf_b38e_6ba3a13ff6fb,6cf30e6232e199020e9eda59d35dc532,1531169882,1531202254,"ClusterInfo": ""
20180710012118601b968c_d108_4330_beae_67d1f4542271,919aa753346a5cf90eec2266ffed1100,1531156878,1531156920,"ClusterInfo": ""
20180710032956b1a37324_29cf_4579_bf6b_d57a0290583d,ab497c1bd704c954b3b1e1139d64609a,1531164596,1531165916,"ClusterInfo": ""
201807101106545a335a30_109e_4230_bacc_0715503c8f94,da07404a717e7906083839bca003d0c9,1531192015,0,"ClusterInfo": "{"worker":{"count":4, "gpu":100}}"
201807100330510ec0b0dd_51a1_44ec_9d3d_d3135f5a3f67,6b75ecb9ccfaa836e32c8434031520f1,1531164651,1531165845,
201807101013259b97d222_c56d_4980_b952_8eeee7fad101,b777c5407546a85035b655ba9e0988c3,1531188805,1531188806,
2018071011500316ce0a1c_572f_455f_b945_99eddbcb1543,80bf7824aff9d092b5b3087d0e01527f,1531194603,1531197276,"ClusterInfo": ""
20180710142230a4d6dbc0_892e_4a4b_a689_82565bef6ff0,2f5ebd86e093f2076a3c0f05cda21556,1531203750,1531204526,"ClusterInfo": ""
201807101408585fac49b3_361c_4fae_bc12_994632c96b03,90d3cd7e05c207110e3fb260e1e3068a,1531202938,1531205532,"ClusterInfo": ""
2018071014082164473744_2984_4301_832b_3fb2dd216e75,05d658eb63229c936a4b2b61c41ce67f,1531202901,1531203265,"ClusterInfo": "{"ps":{"count":1},"worker":{"count":3, "cpu":1500}}"
201807101319034794e3de_7f65_439d_9c9d_05b0c26630b2,f993cc9f34e8b7ff3f4aee10889743f2,1531199943,1531200092,
20180710071643d6a25949_0c90_4728_81ba_f4a92d0c9153,4c5edf110e91a500256a0ee97c7a1bc5,1531178203,1531178823,"ClusterInfo": "{"worker":{"count":4,"cpu":200},"ps":{"count":1, "cpu":200}}"
20180710091954513b09eb_2661_4471_b70e_baceb1a17eda,0d500b8524d5347787aea741f0e7eb1e,1531185595,0,
201807101056536fd0d502_a371_4ee4_a519_53cb09f7e999,1ddbb0e8c81c6e6b5490865a1e58e468,1531191413,1531197099,"ClusterInfo": "{"ps":{"count":1},"worker":{"count":3, "cpu":1500}}"
201807101355194db28f97_2661_496e_b202_739135a705e2,f04ac5084ed9707878a9c93a84e41051,1531202120,0,
20180710151442143b1a32_b50d_45bb_ae14_6cbcec095e75,c424ea3011f2ac44f14f45a9925aeb5f,1531206882,1531208170,
2018071006141791f0860e_ee67_4b86_9145_b64914627319,bc42086134ad6e71e1339faf10339da9,1531174457,0,"ClusterInfo": ""
201807100716384706b73d_7699_4528_8a0e_96a131e63aae,1f7e770e99d30b8fbc6173f2cd53a131,1531178198,1531179367,"ClusterInfo": "{"worker":{"count":8,"cpu":200},"ps":{"count":1, "cpu":200}}"
201807100605420eeb254c_7a46_4abe_a195_f0c84686203d,e7e232763c5de302f7bd2f78f5c880d5,1531173942,1531200333,"ClusterInfo": ""
201807101429169a7c368a_7757_45af_935a_ae8fea8cafba,3435abbe0de563fe4f6fd83294d6cd0a,1531204156,1531211145,"ClusterInfo": ""
201807100135595fad7df0_5b6a_440f_9d1d_e209f854e588,e4b54c2b3746253fca081392cf02fc21,1531157759,1531157977,"ClusterInfo": ""
20180710144020122e7e2c_e160_4c25_a473_f60b463c5f60,40c04a8a6988c9b42313241c7f01d5f8,1531204820,1531230672,"ClusterInfo": ""
20180710115630f59045f3_8e58_40cf_88de_654820744808,d337f5fcfc2ea4770c2b8c64ef649c77,1531194990,1531204566,"ClusterInfo": "{"ps":{"count":1},"worker":{"count":3}}"
20180710105654cca27e36_eea9_4d0f_b9a5_edab3c7a5a0c,b45a8b66fae968266febd743a1ea2c4e,1531191414,1531195771,"ClusterInfo": "{"ps":{"count":1},"worker":{"count":3, "cpu":1500}}"
20180710060703a9a85628_4372_42d4_9b96_95447b91f801,700cabddd1d3e9719f4c115761ba15d9,1531174023,1531179077,"ClusterInfo": ""
2018071005341893d3583f_c29b_4249_9eb6_c09b792d1b9b,02d5d31573407df0f5c9509191732b37,1531172058,1531172417,
20180710140443895d3fca_47ea_47fe_a542_427c80d61883,0b76fb8b7b5428599a5889ed83fb19d8,1531202683,1531212202,"ClusterInfo": ""
2018071010545254545032_cffe_4612_95a8_76d89a9a2f7c,e49adc855c1e6a176bca20a6a5700913,1531191293,0,
2018071011245280f543e5_7d3c_4e61_93e2_cbd94016411d,138bf49f9e62e111981fd691daa24de0,1531193092,1531202515,"ClusterInfo": "{"ps":{"count":1,"cpu":200},"worker":{"count":5,"cpu":1000,"gpu":100}}"
20180710105653cfef36b8_64a2_4124_814f_f8d2d66d890e,0d290cf2c54f56fd8c6710360cd84e5c,1531191413,1531191776,"ClusterInfo": "{"ps":{"count":1},"worker":{"count":3, "cpu":1500}}"
201807101555151f93d1c2_d1ca_4ba1_b1c6_5138a075d450,fb58e160ab6546a8e7135e0690de6eea,1531209315,1531209439,"ClusterInfo": ""
2018071010172495b81d12_2f20_4206_9ea0_f5194f4c06cb,6c184e3267512d7481203ab6ccfce684,1531189045,1531189409,"ClusterInfo": "{"ps":{"count":1},"worker":{"count":3, "cpu":1500}}"
20180710071640be37f0d6_6ee6_449d_b101_83a2d96ad8ca,c14ef6a51215200f5a2eceaaaecf52d7,1531178200,1531178640,"ClusterInfo": "{"worker":{"count":4,"cpu":200},"ps":{"count":1, "cpu":200}}"
201807100637130424ee90_a980_4fef_9b02_5347016d1936,824ebda2f0bedcdb205f9207b47d1d4c,1531175834,1531214732,
201807101432258f61daa5_8d9b_404b_85a9_e9dd9867f836,eb6b1c3406cb8b3aab834c993aee28b4,1531204345,1531218379,"ClusterInfo": ""
20180710114857297086b4_24d9_4e08_9a7a_7fcc509bdd10,8858cbf910cf132dd8af773999c936a9,1531194538,1531198994,"ClusterInfo": ""
201807101056576182ceea_51fc_4379_8bbe_c255e467ad9c,d11385632a32e1578b177411905992f0,1531191417,1531200392,"ClusterInfo": "{"ps":{"count":1},"worker":{"count":3, "cpu":1500}}"
20180710101353e6d8a4e6_9f3a_4063_98e6_7d80d48d6d51,ce862375e6d51fca9697b82c35a126b1,1531188833,1531190046,"ClusterInfo": ""
20180710140947a307ccbe_167c_412e_94c8_cd4be7c09638,87159f2280a0551e225cbde6a91706a3,1531202987,1531203079,"ClusterInfo": ""
2018071010172538a8fddb_5299_4437_9650_b4dbc8872181,c6500434d1907aaa2b6cef43c9bf50d8,1531189045,1531190212,"ClusterInfo": "{"ps":{"count":1},"worker":{"count":3, "cpu":1500}}"
2018071010394373f11828_7c7e_4818_b9ba_a729cb1f8409,79cf107926b2e6f4114a8f5fea15e33e,1531190383,1531190452,"ClusterInfo": ""
201807100631005102a72b_ea45_4e1a_985c_6b261885fc99,f2911a05711b982d32dea34193ddc89c,1531175460,0,"ClusterInfo": ""
201807101404036b249859_8b7d_4863_b8ac_52ee2994740c,7f1c512d789927f7d48b63f6e7d8ef4a,1531202643,1531205957,"ClusterInfo": "{"ps":{"count":1},"worker":{"count":8,"gpu":50}}"
2018071012275961cf9622_ef63_4863_b78f_d46a81e94252,f92192182f2440c21f697c9355128e04,1531196879,1531197203,
201807101550340b8c68ed_00de_4ceb_b760_1753c9a53923,3a5e7c83bdfd622c0cbc14157480ebc5,1531209034,1531213455,
20180710141712c29366bd_aab2_40c2_acac_64d7c6cf4963,32d86646e2ab06c74e4044ed2eb8a413,1531203433,1531212181,"ClusterInfo": ""
20180710142251ebadf178_1674_44df_bf6a_1dcfeb5e2df4,f2c29bee1da742fd27babff99a6762cd,1531203771,1531204112,
2018071009480050e2f57e_b5aa_4c28_a3b0_7ee34abb77f7,5163cede446877f82937da05405c803d,1531187280,1531188999,"ClusterInfo": "{"worker":{"count":8, "gpu":100}}"
20180710044508968ffacb_73aa_47e9_9b1e_5d27a20cc0b0,9842ce14c679676927937f6ae18bef97,1531169108,1531169768,
20180710143656f538b05a_4105_413e_aaa0_faff51cc6df1,f2c29bee1da742fd27babff99a6762cd,1531204616,1531204985,
20180710102046c026ef9c_9496_45d8_8017_2fa7ac78c3f4,bce5413ca4af58c047a22e35cd0608b2,1531189246,1531189279,"ClusterInfo": "{"worker":{"count":2}}"
20180710053510f67f848a_8ee5_4840_b355_1270b99dbdd2,caa575fb9f221a938a7cdf42cdc906f2,1531172110,1531172241,"ClusterInfo": ""
2018071010093437e342b1_3f74_4b42_b80f_0a9634347dcc,9e407e0b857176068df10e5e403bff54,1531188574,1531188675,"ClusterInfo": "{"ps":{"count":1}, "worker":{"count":2}}"
20180710131032e86604f0_b7ee_4650_ab27_3c715f4b7c19,71bfe04528afb9c9540a241f950c5c6c,1531199432,1531230429,"ClusterInfo": ""
201807101549056f65caf8_f522_466d_a1fc_600cf4bc5c15,92ee69655ba31406af25ca9eef624e21,1531208945,1531209305,"ClusterInfo": ""
201807101046496ab46304_1077_47e1_bf09_75df39521306,b2abf9139d59b4c5b05c67ec42b76fe0,1531190809,1531197995,"ClusterInfo": "{"ps":{"count":2, "memory":20000}, "worker":{"count":2, "memory":80000, "gpu":200}}"
20180710153045d5408415_cce1_4040_a9d8_ad2c30e6d759,83402908c487128f6075eff14a5efcf4,1531207845,1531211995,"ClusterInfo": "{"ps":{"count":1},"worker":{"count":3, "cpu":2300}}"
20180710142254f3cd4cf8_cd7c_47d8_b966_bc03d0dfaf3e,13516976e432156781d3bde15e0593fe,1531203774,1531212221,"ClusterInfo": ""
20180710145454818e70c3_35da_4ae4_b9a4_1c6a5fa3f1b7,40606589cd84b03925e28a63b9f2587b,1531205694,1531205814,"ClusterInfo": "{"ps":{"count":1},"worker":{"count":8,"cpu":2300}}"
201807101016501b8976b3_ed21_45a6_801c_63af70c29f8a,c2a3f32aeff50dfb2abfcd2ea8f9d0c6,1531189010,1531193496,"ClusterInfo": "{"ps":{"count":1,"cpu":300},"worker":{"count":5,"cpu":1000,"gpu":200}}"
20180710133018b78c1f95_d502_47e7_b914_8a1fed019d5f,601fd449a989fa6c680c32a0178898c8,1531200618,1531201367,
20180710041722386eb385_fa5e_4631_8138_c51052005def,bffb37010e82b93916d8fca5ec0727d3,1531167442,1531168913,"ClusterInfo": ""
201807100605009a4366a4_0829_4912_98ab_8c7b3c35333a,6338ba484cd35c38e8bdedc1b3247515,1531173900,1531174242,
2018071014211057451654_7c40_4c57_9c71_ccb332214301,a06b8774e7f8a08113911b95d2f4d395,1531203670,1531207914,"ClusterInfo": ""
201807101310304fc25375_7dc7_4103_871b_ef052dd81c4d,e869b701dd78d323bd1976b69cab54f7,1531199430,1531229681,"ClusterInfo": ""
20180710033834c8cb8898_d1b3_4d18_948d_ba161d13879e,a761bbb741bbcd01446806eb54402689,1531165114,1531165969,
20180710105948ab910f2d_e02c_4a09_8ea5_e9de44d1d40a,1a709bc457e19726b61ce135558b29f0,1531191588,1531193279,
20180710135841e296b907_a7fe_4f93_bb29_27ca44fc4dde,c47fce0e77fcd4ffe77a9357c8ca5952,1531202321,1531202469,
201807101156280466cef6_bc50_4047_8008_84b939e1586d,b3b20b892c3833a009d82c8799f06fae,1531194988,1531195620,"ClusterInfo": "{"ps":{"count":1},"worker":{"count":3}}"
201807100203144d50e24f_a129_4425_af18_2c9e4108966c,d23292d2c3050b65b58de9baf9b9e176,1531159394,0,"ClusterInfo": ""
20180710101116629103b3_cd2f_42d4_80d1_80092197288c,c21aefc36e5294942a651009405796de,1531188676,1531188777,"ClusterInfo": "{"ps":{"count":1}, "worker":{"count":2}}"
2018071015582647299ca4_7669_448d_b79a_514fbaec05f1,ad94588b3e64db360c7f8ab579d432a9,1531209507,0,
2018071010203189e51423_467d_407b_a7a0_86a38d227400,185837c7f469f1f9b698957d7a2b9aed,1531189231,1531191994,"ClusterInfo": "{"worker":{"count":8, "gpu":100}}"
20180710102831ae19f917_6acd_4f7c_a977_f1b4980915c3,7f6b0637ea585aa3b5358f5e7bd54346,1531189712,1531196863,"ClusterInfo": ""
20180710105709d357ac07_829a_44e8_b990_696805eb261a,674bda3d63618ecd07a1224645a475fd,1531191429,1531191557,"ClusterInfo": ""
201807100544512265563d_6ff9_4cd7_9024_850b046d1800,a8f395b49df825a74d55f7c9e80ae582,1531172691,1531172824,"ClusterInfo": ""
2018071005190493b59fde_20ed_4783_98a5_2a04c8d6b5d0,22bf5bd933befd53346ce0da9e0e0310,1531171144,1531172040,
20180710152306218d8bc4_13ff_496d_8f96_9d412e213acd,d0d73f305370d79ba713fd683b543c6b,1531207386,1531207530,
201807100712350745576c_fb02_4dfe_966b_5f374db444db,7dd6c8c6de914bd077ef31d3e9111836,1531177955,1531197686,"ClusterInfo": ""
20180710105321fb2c6e18_f194_4b2d_84d5_4e48e2323f0a,001e1d90a7f025d970ccf14e9b168ea7,1531191201,1531191633,"ClusterInfo": ""
20180710031113fabbd532_fd9c_48a5_a98f_b56ac4665c07,13b0121481301baa5f7724193534d481,1531163473,1531164435,
2018071012243714eac319_0d38_4fb3_ba5d_8bba7f65d358,d6734ff443556c53c138b293355f275b,1531196677,1531199105,"ClusterInfo": ""
20180710111436af64bf09_4dd1_4777_b606_ac75f0b1b3c6,9b16cc913d9e3fb41a4480997ff5472f,1531192476,1531199252,"ClusterInfo": "{"ps":{"count":15},"worker":{"count":100,"gpu":100}}"
2018071009393372b6f2f7_1ecd_402a_adf4_4069954ddb8c,f40031cc44febabcc6d9417baa201fda,1531186773,1531187688,"ClusterInfo": "{"ps":{"count":2},"worker":{"count":2}}"
20180710012653ae64fddc_3784_490b_897f_90185a01f7a5,f397943d5035ee305f63e5f6ea6cbd1d,1531157214,1531177757,"ClusterInfo": ""
20180710102709c37c01c0_8212_4ec7_8fde_7b61b81b489f,68d838313cf3a4dc57c76b43c3dd7153,1531189629,1531189770,"ClusterInfo": "{"ps":{"count":2}, "worker":{"count":2}}"
20180710001953866c0e14_b3ad_4802_bd5e_518e1a809628,d52bf854208d73b23d8aad19acaa52a2,1531153193,1531153367,
20180710145244af8fd5e8_260e_48e5_9fa3_0b7efa23b87a,1b72c287d61203c652b382d7308e7257,1531205564,1531205906,"ClusterInfo": ""
20180710133018de5bcf14_ae0d_45ab_83f0_6613d2750bd7,a8b978cd09668108ecf063fda407a68d,1531200618,1531201367,
201807101122265c15876c_c0f6_4309_86b7_cfe1c1fa17b0,02c1a4d52685d23c96a339ab04607bd9,1531192946,1531193055,"ClusterInfo": "{"ps":{"count":1},"worker":{"count":8,"cpu":2300}}"
20180710150708270d6329_814a_4cde_85e4_9f3fc0ff8b64,af0426c50a678e9c5c0ffee2c0bdffa8,1531206428,1531206519,"ClusterInfo": ""
20180710152738872b2d9f_b4bc_4176_bbc7_307e8c2ca3e9,9a90c6ace3d508c2199d11213bc11976,1531207658,0,"ClusterInfo": ""
2018071011182716942819_fd19_497c_9da1_8426af062d6c,38ad6c80c2480081149ec934fde1082f,1531192707,1531193524,"ClusterInfo": "{"worker":{"count":4, "gpu":100}}"
20180710044352741a5574_839f_43bd_a1d9_646da76b815a,64b46f1e72d10cc1844095a0807d6d33,1531169032,1531169203,
20180710142223399dfb92_80b4_4443_9ac5_7b459090a47c,30a6771e5811c7dbdeb18684282447f4,1531203743,1531206944,
20180710133604e5655cce_8673_495a_abb8_96ecc0c1a0e2,a5a47a062b01dbdbe02ed44a1f3147d3,1531200964,1531206343,"ClusterInfo": ""
20180710143635cb75e631_3be4_403c_b21e_d87dbae7cc59,b7cf1f485b44d9ca912c4e4daaa26d17,1531204595,1531206010,
201807101038123c931529_02e4_46e6_8a32_3bd69130e9e0,ce862375e6d51fca9697b82c35a126b1,1531190292,1531190776,"ClusterInfo": ""
20180710051502c5d42e35_72b3_461a_83a5_e8c8d860ef08,a6f69ceec051ec45b89cc6fa3ed1c786,1531170902,1531171524,
20180710101941dff78248_0c17_4298_b923_8ef8a067d169,be5ce0bce4ab0dd40f0fb8a15989c0af,1531189181,1531189220,"ClusterInfo": "{"worker":{"count":2}}"
2018071015284043543413_1c10_40b2_9c84_3b232d355530,8cd56ebe0a8743f4059752afcb641a67,1531207721,1531210149,
2018071014554667c6311c_a0a0_40c9_816b_974207ad3f8e,706c11b3d51f95e7835e6c1cf48fa2c9,1531205746,1531212215,"ClusterInfo": ""
201807100307168ff59581_1d1c_46fc_8b87_336457a0367a,5777ca868e428b450e7a11ecdff6c224,1531163236,1531163339,"ClusterInfo": ""
20180710050845219c0913_3571_448c_9a4d_f438a5b56e76,32479b1cf6d2bbbe110cdbe7888578e7,1531170525,1531210616,"ClusterInfo": "{"ps":{"count":10,"cpu":2000,"memory":20000},"worker":{"count":40,"cpu":2000,"memory":20000}}"
20180710135432af5ac619_a0ce_49ca_ab21_799b71483e6d,3c0337e7d345ad9abdb65d55dbdf1536,1531202072,0,"ClusterInfo": ""
20180710153045264f92ac_4919_4cc4_adbb_1983e8b11b36,959543b0034548cb3f702d0a18967d0b,1531207845,1531212009,"ClusterInfo": "{"ps":{"count":1},"worker":{"count":3, "cpu":2300}}"
20180710140822c27e0cc8_55cb_4225_9697_2f1933dac63c,2ae5576f67afa25096c4db400022f193,1531202903,1531203265,"ClusterInfo": "{"ps":{"count":1},"worker":{"count":3, "cpu":1500}}"
20180710110055bbe1b147_a6ce_45c5_80e5_5ae97bdd80d6,0f5af2a6a8ef893f44d40937a71b4f1e,1531191655,1531211058,"ClusterInfo": ""
20180710000715cc4f8319_feda_4856_8963_68041baab7e9,5bf05002c463425087a5e9e5ff078036,1531152436,1531152946,
20180710142038044832e6_f828_413e_8fb7_0f91daf88974,3435abbe0de563fe4f6fd83294d6cd0a,1531203638,1531204077,"ClusterInfo": ""
201807100548373ab963ee_7326_404a_873c_48538996e8f7,6338ba484cd35c38e8bdedc1b3247515,1531172917,1531173247,
201807101049353130d5f4_e741_4096_8175_5364e4697fed,ed110f1e80a2405a58494338cac71217,1531190975,1531198156,"ClusterInfo": "{"ps":{"count":2, "memory":20000}, "worker":{"count":2, "memory":80000, "gpu":200}}"
2018071006305834a2d75b_093f_4a65_95c1_a245792727d5,20b032546b4664605521b2f0750ebc9b,1531175458,1531181811,"ClusterInfo": ""
2018071003305966ffa415_fa11_456c_97ab_90cda772e77a,4b2667d29d4edc9b9c5e6a441d136518,1531164659,1531168617,
201807100712479b724457_0420_4f6b_a280_e709c8c4d8ea,2aee770f13dc7e004566c397ca56f593,1531177967,1531195646,"ClusterInfo": ""
20180710142310700d74fd_9d25_4f70_8ff4_c29531ff9d4d,eb267e1b32b989fa02a9d2eec2a2f3cc,1531203790,1531204770,"ClusterInfo": ""
2018071009341143eb1dc7_6c65_469f_a2dd_9f3b29606fef,525a9c1f013cd588871db41dfddb5a12,1531186451,1531191104,"ClusterInfo": ""
201807100930104b6cea86_57a0_46a8_b8d5_121c85ea34ab,5c29888be542872df5f5bc90026a8813,1531186211,1531192079,
201807100826558fc9d4b3_fc38_4315_b24d_5baf887a6c44,bb7ce444ad701a5b0d024cf7bb603d53,1531182415,1531189619,"ClusterInfo": ""
20180710122431ae6aeddb_9154_47a2_9f17_89092e3b2f90,d523e330b0d0eb117f7dd04dd9af4f56,1531196671,1531203189,"ClusterInfo": ""
20180710061511d14a21a6_2010_4834_9296_e6cfb4924931,dab37fccc65bc1cc184277b8770f71a9,1531174511,1531182557,
2018071012011272d81f17_8c81_4ed8_820f_82438e6c3f63,9dc9cd341c81ac1c158af6de094ca304,1531195272,0,
201807101450597544d913_5c49_43dc_aa8a_6775747fec1a,c753af0b559a2f44854ea766366707b0,1531205460,1531224054,"ClusterInfo": ""
2018071009565724e98349_c325_49e2_b12b_a0ef8b6b5924,6525de253b91738d32ab91d5ddce95dc,1531187817,1531193512,"ClusterInfo": ""
2018071007465100922b12_18a7_468b_a712_8220ee5f7a08,bc562387b200adaffe12791630393e86,1531180011,0,"ClusterInfo": "{"ps":{"count":2},"worker":{"count":2}}"
201807100935556e7964e0_4a9e_460b_bb42_4115c35a020f,51f64a0314ac3cbde5febcd429e110dc,1531186555,0,"ClusterInfo": ""
20180710041340eb11d045_cb42_4196_aee8_9526173389f3,da218abf11bb786837dc888d630ffd0c,1531167220,1531167632,
201807101017259f224fc8_5ba9_41c0_871b_2647e64bca56,cef508cc47cd0108b1567b9c17e05d4a,1531189045,1531190213,"ClusterInfo": "{"ps":{"count":1},"worker":{"count":3, "cpu":1500}}"
20180710111449807d173d_0ec6_4ee0_b5b7_3294d3431f44,3f422ff692b135a00b52796bdb6602a3,1531192489,1531194358,"ClusterInfo": ""
20180710103648b24bacb3_9ff3_49e1_adbd_b61f826111d5,83ce1192934fd5cf99c84468146ba1eb,1531190208,1531192621,"ClusterInfo": ""
2018071011370599b23573_2768_4230_9e8b_03e86556b302,307bd59b17878e4fe8fe27c0fa37b175,1531193825,0,
2018071010565454cbf333_7fb6_456c_aad3_544352c5c2fe,33057b408ad4a51aec75ef974a5226e8,1531191414,1531191906,"ClusterInfo": "{"ps":{"count":1},"worker":{"count":3, "cpu":1500}}"
2018071007164382b692e2_3931_4e40_99c3_d6ca89c6f213,6b82eb09e4973261ddae4797e95b39c6,1531178203,1531178854,"ClusterInfo": "{"worker":{"count":8,"cpu":200},"ps":{"count":1, "cpu":200}}"
20180710043240f3b766a5_1da9_441e_8975_3891220b1847,ba2be4d6e0580d9f77c9ab73185e2bfa,1531168361,1531168533,
201807100559273aab4bda_3891_4cdc_a4bb_ff4f021370d4,5b7d31ecc6d274facab14d1d790af933,1531173567,1531173782,"ClusterInfo": ""
20180710142201b973b367_ca6e_4eb4_a98e_70bf04c087b8,a383d7bc483c1fff53b9a742deba458f,1531203721,1531204969,"ClusterInfo": ""
20180710104757b9c098a0_33f3_489c_81f1_323d8450fb43,674bda3d63618ecd07a1224645a475fd,1531190877,1531190998,"ClusterInfo": ""
20180710115858a00c865f_ac57_4727_9f4e_eb756a8e7935,d07c90c56b4651c4b709ad989b316838,1531195138,0,
2018071010121272a9e4c2_5e2c_4afe_9458_e68e33cea175,dc4af96d2d3c40209bd5fc961378121b,1531188732,1531188831,"ClusterInfo": "{"ps":{"count":1}, "worker":{"count":2}}"
20180710105121e9f925de_bc03_4967_b8b0_b8ca9d21c5c2,dd3896d03a3d4915638201d61f985cd6,1531191082,1531198718,"ClusterInfo": "{"ps":{"count":1},"worker":{"count":8,"cpu":2300}}"
20180710104708dc5f61fa_d493_4280_baba_6a4f58ebc74a,ce862375e6d51fca9697b82c35a126b1,1531190828,1531191462,"ClusterInfo": ""
20180710134716f75ce856_70e6_4292_91d6_cb5043a54132,287330601e79a5cc84e2c1669de562dc,1531201636,1531208839,"ClusterInfo": ""
20180710123153bab281eb_683d_4364_943a_8a856aaf4915,532532baa8dd4fdd3d1c3b51626b40d4,1531197113,1531200098,"ClusterInfo": ""
201807101038461f14265c_2971_40bf_9570_d5420b3596c4,e8b73d084873b78b30cc9a8bd50f5dd8,1531190326,1531190408,"ClusterInfo": ""
2018071010481992bce4c4_69cc_4e8d_858d_fdcda52ba583,7f2e8f07df7595eb6dd71bf3b86e3987,1531190899,1531198203,"ClusterInfo": "{"ps":{"count":2, "memory":20000}, "worker":{"count":2, "memory":80000, "gpu":200}}"
20180710114102e4db96ef_4f94_43cc_a966_337d928fab44,0e837a9c6ffca4dc085bdd482ddac15b,1531194063,0,
20180710113908579aa4c1_31a3_47d6_ba89_50b507c1f0f1,3d1f04cde11395bd915d967699b10d03,1531193948,1531194438,"ClusterInfo": ""
20180710095750341a9f45_6782_4424_a5d8_fc3f5794b163,2f5ebd86e093f2076a3c0f05cda21556,1531187871,1531187970,"ClusterInfo": ""
201807101026002647b0d7_1fcc_4822_a9a3_6622cdbc8d59,531dccd87e2a5ddb4322752c55432a79,1531189560,1531189693,"ClusterInfo": "{"ps":{"count":2}, "worker":{"count":2}}"
2018071015423657f625ef_39a0_488b_913b_54e58fcb6a52,5c2a248a8d4c57d9be0a2fc4c4d6041d,1531208556,1531212209,"ClusterInfo": ""
201807101543376db08242_6c2b_4537_895c_4a5b74a55f2f,cd6df5481b1b82bf1fb8057b4c67f56c,1531208617,1531212196,"ClusterInfo": ""
20180710062720875eb58a_d5e2_47fc_876e_bc91feea6826,3976fd7c013987c1280415c6906fe715,1531175240,1531224414,"ClusterInfo": ""
20180710114732d785e25e_fa26_4323_b780_3a0f5f6b47b6,dc5f474fc65e6551909e00701305fbff,1531194452,1531194587,"ClusterInfo": "{"ps":{"count":1},"worker":{"count":8,"cpu":2300}}"
20180710100738e1d807cc_730e_4676_8085_84637a2d04c6,cabdc3a858d37497919a7a364315728d,1531188458,0,
20180710033741a31a88db_0e7d_4599_a108_e1f6a88ef8a6,44d351014f59e20cdb5f40b12c71239d,1531165061,1531171563,
20180710101734b7bdb0de_051b_4175_97ba_ce0187222733,347b36ba24a43e145a1dde3552803948,1531189054,1531194767,
201807101450480b3b11d1_5fe2_4daa_9a82_1316ef5ec496,252083d95d9d721e90653b09849023a8,1531205448,1531205659,"ClusterInfo": ""
20180710071640ac8d8f96_295c_41d2_af85_b904103da927,a15cd76764917db7d8f29212b37d643d,1531178200,1531178972,"ClusterInfo": "{"worker":{"count":8,"cpu":200},"ps":{"count":1, "cpu":200}}"
2018071011152689e7c235_bdb7_4191_a9d5_d1015a6c14ef,7f485a5c5dc53158183068958296ef70,1531192526,1531193484,"ClusterInfo": ""
20180710044317340b37fd_f077_45cb_b2b8_a0c5f9642dac,e50e3b9564c0be6fe5581e3672b7c2cf,1531168997,1531175461,"ClusterInfo": ""
20180710032600af7cfee9_4ac9_4763_8957_abc4b272b98e,25c5d57a497ef5c85f2eed16237c0d60,1531164361,1531169838,
20180710140705d6f1cd4d_b4e8_4035_a1ad_4c73aac25008,9f9f8852415821cd09de41a685072ec8,1531202825,1531203835,"ClusterInfo": ""
2018071011403391ac0f44_4b18_4136_bc93_146bb37ad2be,da1eac86a1f136a53ed40e172016cd5b,1531194034,1531194707,"ClusterInfo": ""
2018071014060475783635_11c2_4e45_ac94_e56abd0adc44,1e89bdef665ea57c899a1b028724e9ec,1531202764,1531203077,
20180710153214cd54f932_281c_4d4c_bc59_d79587c5199d,41f86b613eec90d8b04ac7cf31c52ba0,1531207934,1531208460,"ClusterInfo": ""
20180710120607ffd9ec90_0de4_4db0_9ddf_446723e017ac,5c92b1559cc4f9796d568ed0aff24aff,1531195568,1531198794,"ClusterInfo": "{"ps":{"count":1},"worker":{"count":8,"cpu":2300}}"
201807101137238dc22b3d_3351_4133_87b8_c0ee5b1e6936,bb39aa34786063e91cffbe0d7b64cd6f,1531193843,1531196412,"ClusterInfo": ""
